rank,score,pose_LL,pose_Lcrank,pose_RL,pose_Rcrank,init_roll,kp,kd,kv,tail_abs_roll,max_abs_roll,tail_height,tail_abs_v,tail_leg_error,height_deficit,saturation,done,passed
1,0.822121,+0.1200,+0.1200,-0.1200,-0.1200,-0.1200,-2.0000,+0.3000,+0.0000,0.272850,0.285764,0.085429,0.267031,0.016602,0.003040,0.000000,False,False
2,0.822188,+0.0400,+0.0400,-0.0400,-0.0400,-0.0600,-2.0000,+0.3000,+0.0000,0.282762,0.292044,0.086294,0.263414,0.018444,0.002116,0.000000,False,False
3,0.823762,+0.1200,+0.1200,-0.1200,-0.1200,-0.1200,-2.0000,-0.3000,+0.0000,0.272824,0.286853,0.085434,0.267959,0.016640,0.003032,0.000000,False,False
4,0.825785,+0.0400,+0.0400,-0.0400,-0.0400,-0.0600,-2.0000,+0.8000,+0.0000,0.282577,0.293146,0.086288,0.260931,0.018689,0.002259,0.000000,False,False
5,0.826129,+0.0400,+0.0400,-0.0400,-0.0400,-0.0600,+2.0000,-0.3000,+0.0000,0.282753,0.291442,0.086339,0.275752,0.018494,0.002169,0.000000,False,False
6,0.826894,-0.1200,-0.1200,+0.1200,+0.1200,-0.1200,+2.0000,+0.3000,+0.0000,0.273529,0.284086,0.085647,0.273306,0.016894,0.003260,0.000000,False,False
7,0.827821,+0.1200,+0.1200,-0.1200,-0.1200,-0.1200,-2.0000,+0.8000,+0.0000,0.272859,0.286393,0.085433,0.266174,0.016646,0.003249,0.001429,False,False
8,0.829412,-0.1200,-0.1200,+0.1200,+0.1200,-0.1200,+2.0000,-0.3000,+0.0000,0.273490,0.284555,0.085631,0.274724,0.016802,0.003336,0.000000,False,False
9,0.829574,-0.0400,-0.0400,+0.0400,+0.0400,-0.1200,-2.0000,+0.3000,+0.3000,0.282810,0.290293,0.086321,0.272070,0.019917,0.002439,0.000000,False,False
10,0.830082,-0.1200,-0.1200,+0.1200,+0.1200,-0.1200,+2.0000,-0.8000,+0.0000,0.273182,0.285060,0.085577,0.282793,0.016525,0.003236,0.000000,False,False
11,0.831588,+0.1200,+0.1200,-0.1200,-0.1200,-0.1200,-2.0000,-0.8000,+0.0000,0.272853,0.287387,0.085439,0.270457,0.016686,0.003003,0.011429,False,False
12,0.831719,-0.0400,-0.0400,+0.0400,+0.0400,-0.1200,-2.0000,-0.3000,+0.3000,0.282827,0.290973,0.086327,0.271360,0.019840,0.002510,0.000000,False,False
13,0.832716,+0.0400,+0.0400,-0.0400,-0.0400,-0.0600,+2.0000,-0.8000,+0.0000,0.282805,0.291663,0.086358,0.274999,0.018710,0.002358,0.004286,False,False
14,0.832887,+0.1200,+0.1200,-0.1200,-0.1200,-0.0600,+2.0000,+0.8000,-0.3000,0.272803,0.283456,0.085449,0.277626,0.016922,0.003318,0.008571,False,False
15,0.833193,-0.1800,-0.1800,+0.1800,+0.1800,+0.0000,-2.0000,+0.8000,+0.0000,0.264188,0.276948,0.084334,0.265174,0.015333,0.004703,0.000000,False,False
16,0.833236,-0.1800,-0.1800,+0.1800,+0.1800,+0.0000,-2.0000,-0.3000,+0.0000,0.264164,0.277771,0.084323,0.263837,0.015596,0.004662,0.000000,False,False
17,0.833884,-0.0400,-0.0400,+0.0400,+0.0400,-0.1200,-2.0000,+0.8000,+0.3000,0.282796,0.290628,0.086320,0.271372,0.019982,0.002640,0.000000,False,False
18,0.833911,+0.0400,+0.0400,-0.0400,-0.0400,-0.0600,+2.0000,+0.3000,+0.0000,0.282601,0.293024,0.086337,0.281297,0.018525,0.002371,0.000000,False,False
19,0.834379,-0.1800,-0.1800,+0.1800,+0.1800,+0.0000,-2.0000,+0.3000,+0.0000,0.264233,0.277898,0.084334,0.263148,0.015510,0.004719,0.000000,False,False
20,0.835204,+0.1200,+0.1200,+0.1200,+0.1200,+0.0000,-2.0000,+0.3000,+0.3000,0.299614,0.312230,0.090999,0.298507,0.017831,0.000000,0.000000,False,False
21,0.835338,+0.1200,+0.1200,+0.1200,+0.1200,+0.0000,-2.0000,-0.3000,+0.3000,0.299794,0.311082,0.091008,0.303776,0.017794,0.000000,0.000000,False,False
22,0.835499,-0.1200,-0.1200,+0.1200,+0.1200,-0.1200,+2.0000,+0.8000,+0.0000,0.273038,0.283715,0.085583,0.283556,0.016511,0.003254,0.011429,False,False
23,0.836876,+0.1200,+0.1200,-0.1200,-0.1200,-0.0600,+2.0000,+1.5000,-0.3000,0.272831,0.283372,0.085473,0.279057,0.016957,0.003114,0.021429,False,False
24,0.837606,+0.1200,+0.1200,-0.1200,-0.1200,-0.1200,-2.0000,-1.5000,+0.0000,0.272874,0.287390,0.085432,0.267746,0.016665,0.003044,0.021429,False,False
25,0.838670,-0.0400,-0.0400,+0.0400,+0.0400,-0.1200,-2.0000,-0.8000,+0.3000,0.282926,0.290080,0.086335,0.271210,0.019940,0.002572,0.011429,False,False
26,0.839736,+0.1200,+0.1200,-0.1200,-0.1200,-0.1200,-2.0000,+1.5000,+0.0000,0.272851,0.287058,0.085440,0.266371,0.016704,0.002851,0.032857,False,False
27,0.840250,-0.1800,-0.1800,+0.1800,+0.1800,+0.0000,-2.0000,-0.8000,+0.0000,0.264124,0.277573,0.084307,0.264279,0.015430,0.004641,0.012857,False,False
28,0.842736,+0.1200,+0.1200,+0.1200,+0.1200,+0.0000,-2.0000,-0.8000,+0.3000,0.299655,0.311381,0.091035,0.299245,0.017606,0.000000,0.014286,False,False
29,0.843474,-0.0400,-0.0400,+0.0400,+0.0400,-0.1200,-2.0000,-1.5000,+0.3000,0.282786,0.290306,0.086319,0.270623,0.020041,0.002553,0.020000,False,False
30,0.843588,+0.1200,+0.1200,+0.1200,+0.1200,+0.0000,-2.0000,+0.8000,+0.3000,0.299622,0.310491,0.091067,0.299604,0.018222,0.000000,0.017143,False,False
31,0.847011,+0.1800,+0.1800,+0.1800,+0.1800,+0.0600,-2.0000,-0.3000,+0.3000,0.304936,0.315924,0.092702,0.307568,0.015022,0.000000,0.000000,False,False
32,0.847880,+0.1800,+0.1800,+0.1800,+0.1800,+0.0600,-2.0000,+0.3000,+0.3000,0.304794,0.316535,0.092696,0.308156,0.014980,0.000000,0.000000,False,False
33,0.849911,-0.0400,-0.0400,+0.0400,+0.0400,-0.0600,+2.0000,+0.8000,+0.0000,0.282889,0.294753,0.086357,0.281421,0.020110,0.002609,0.012857,False,False
34,0.850361,-0.0400,-0.0400,+0.0400,+0.0400,-0.1200,-2.0000,+1.5000,+0.3000,0.282819,0.290302,0.086315,0.270455,0.020128,0.002639,0.028571,False,False
35,0.851143,-0.1800,-0.1800,+0.1800,+0.1800,+0.0000,-2.0000,-1.5000,+0.0000,0.264124,0.278017,0.084305,0.263565,0.015626,0.004603,0.031429,False,False
36,0.851913,+0.0400,+0.0400,+0.0400,+0.0400,+0.1200,+2.0000,+0.3000,+0.3000,0.289206,0.304199,0.088156,0.307582,0.021145,0.001656,0.001429,False,False
37,0.852538,+0.1200,+0.1200,-0.1200,-0.1200,-0.1200,+2.0000,-1.5000,+0.0000,0.272959,0.287681,0.085483,0.271845,0.017114,0.003007,0.044286,False,False
38,0.853838,+0.0400,-0.0400,+0.0400,-0.0400,+0.0000,-2.0000,-0.3000,-0.3000,0.284330,0.293353,0.086180,0.275526,0.058995,0.002290,0.001429,False,False
39,0.854834,-0.0400,+0.0400,-0.0400,+0.0400,-0.0600,-2.0000,-0.3000,+0.0000,0.285157,0.293434,0.086402,0.279281,0.059778,0.002260,0.000000,False,False
40,0.855106,+0.0000,+0.0000,+0.0000,+0.0000,+0.1200,-2.0000,+0.3000,+0.3000,0.284876,0.299119,0.086349,0.269958,0.018533,0.003060,0.000000,False,False
