instance,path,configuration,suppression_state,transform_4x4
"髋关节锁盖M24-1","E:\2025赛季\串联腿\髋关节锁盖M24.SLDPRT","默认","0","-0.9996948491872788;-0.024702398839467059;1.5666908414328745E-16;-0.024702398839467059;0.9996948491872788;1.6398293764618845E-17;-1.5702635363779321E-16;1.2523187609627834E-17;-0.99999999999999989;3.2642136339737547E-18;0.020000000000000007;0.097500000000000003;1;0;0;0"
"RA6008-1","E:\2025赛季\串联腿\RA6008.SLDPRT","默认","0","0.99998632158689205;0.0052303574559515748;0;-0.0052303574559515748;0.99998632158689205;0;0;0;1;-2.9679253980266856E-20;0.02;0.0085000000000000006;1;0;0;0"
"大腿链轮20T-1","E:\2025赛季\串联腿\大腿链轮20T.SLDPRT","默认","0","-0.49715787792420124;0.86766009728343785;-1.0477650318819652E-16;0.86766009728343785;0.49715787792420124;3.3482670923434251E-16;3.4260623908872509E-16;7.5551345286000221E-17;-0.99999999999999978;1.3706034488803555E-15;0.020000000000000805;0.041000000000000023;1;0;0;0"
"6802轴承 15-24-5-1","E:\2025赛季\串联腿\6802轴承 15-24-5.SLDPRT","默认","0","0.99962584024402301;-0.027352870350865369;0;0.027352870350865369;0.99962584024402301;0;0;0;1;-8.01030721458406E-19;0.020000000000000007;0.074999999999999997;1;0;0;0"
"大腿-1","E:\2025赛季\串联腿\大腿.SLDPRT","默认","0","-0.97492291743309967;-0.2225428162483199;1.213440815965852E-15;0.2225428162483199;-0.97492291743309967;1.0744327907083183E-15;9.4390396132005843E-16;1.31753168743884E-15;0.99999999999999989;5.6604552794248807E-18;0.020000000000000011;0.034000000000000009;1;0;0;0"
"碗组轴承40.5-49.5-6.5-1","E:\2025赛季\串联腿\碗组轴承40.5-49.5-6.5.SLDPRT","默认","0","-0.94717417284212657;-0.32071963815899041;0;0.32071963815899041;-0.94717417284212657;0;0;0;1;1.3718328316951748E-15;0.020000000000000791;0.034750000000000003;1;0;0;0"
"大侧板-1","E:\2025赛季\串联腿\大侧板.SLDPRT","默认","0","1;0;0;0;1;0;0;0;1;0;0;0;1;0;0;0"
"小腿链轮20T M24-1","E:\2025赛季\串联腿\小腿链轮20T M24.SLDPRT","默认","0","-0.68018919101731767;-0.73303660510455226;1.0806615607582538E-16;-0.73303660510455226;0.68018919101731767;-1.1555095909456882E-16;1.1197651493690891E-17;-1.5781296156433164E-16;-1;2.6975668870263903E-17;0.020000000000000007;0.076499999999999999;1;0;0;0"
"髋关节轴承座-1","E:\2025赛季\串联腿\髋关节轴承座.SLDPRT","默认","0","-0.33171304809788205;-0.94338033354613249;-9.7349030979390975E-17;0.94338033354613249;-0.33171304809788205;-2.3194867496650339E-17;-1.0410361960000581E-17;-9.9531201513271017E-17;1;-9.1412193856206947E-20;0.020000000000000011;0.042000000000000051;1;0;0;0"
"MT2042-6线5A-1","E:\2025赛季\滑环\MT2042-6线5A.SLDPRT","默认","0","0.99969484918727869;0.024702398839476052;7.9255658805014689E-17;0.024702398839476052;-0.99969484918727869;2.5135706322864459E-17;7.9852386119016914E-17;-2.3170231247564824E-17;-1;-3.2080030545497627E-18;0.020000000000000011;0.1109;1;0;0;0"
"碗组轴承40.5-49.5-6.5-2","E:\2025赛季\串联腿\碗组轴承40.5-49.5-6.5.SLDPRT","默认","0","0.95380028198520417;-0.30044137878285915;-5.9115018366759684E-17;-0.30044137878285915;-0.95380028198520417;8.0748066938542064E-17;-8.0643981752842103E-17;-5.925693139085825E-17;-1;-8.8186198326158104E-20;0.020000000000000011;0.048250000000000057;1;0;0;0"
"垫片15-18-1-1","E:\2025赛季\串联腿\垫片15-18-1.SLDPRT","默认","0","1;0;0;0;1;0;0;0;1;9.486588097516683E-18;0.019999999999999997;0.071499999999999994;1;0;0;0"
"膝关节轴承座-1","E:\2025赛季\串联腿\膝关节轴承座.SLDPRT","默认","0","6.9388939039072284E-18;-6.9388939039072284E-18;1;-0.22431993281025234;0.9745155554140752;1.0408340855860843E-17;-0.9745155554140752;-0.22431993281025231;6.9388939039072284E-18;-0.20897345939106468;-0.0083156474148211416;0.039000000000000236;1;0;0;0"
"膝关节螺母M27-1","E:\2025赛季\串联腿\膝关节螺母M27.SLDPRT","默认","0","2.7755575615629012E-17;-1.1102230246251615E-16;1;0.0033681812141853162;0.9999943276615666;1.1092818689806547E-16;-0.9999943276615666;0.0033681812141853162;2.8129361410120544E-17;-0.20473381266095089;-0.026733991412147166;0.03240000000000038;1;0;0;0"
"膝关节锁盖M27-1","E:\2025赛季\串联腿\膝关节锁盖M27.SLDPRT","默认","0","1;0;0;0;1;0;0;0;1;-0.20473381266095089;-0.026733991412147166;0.027100000000000068;1;0;0;0"
"膝关节垫板-1","E:\2025赛季\串联腿\膝关节垫板.SLDPRT","默认","0","1;0;0;0;1;0;0;0;1;-0.20473381266095089;-0.026733991412147169;0.047900000000000394;1;0;0;0"
"M3508改 268：17-1","E:\2025赛季\串联腿\M3508改 268：17.SLDASM","默认","0","-0.97539205100696547;-0.22047754269409214;-2.4887989380316963E-17;0.22047754269409214;-0.97539205100696547;2.3501879708090841E-17;-2.9457183693838962E-17;1.7436303909824772E-17;0.99999999999999989;0.00044860659730458421;-0.16303847495412549;-0.011418607860106501;1;0;0;0"
"MG8016-i6-1","E:\2025赛季\串联腿\MG8016-i6.SLDPRT","默认","0","-0.80777222373962776;-0.58949472818231097;-1.68840546466722E-16;-0.58949472818231097;0.80777222373962798;-1.7750820229438486E-16;1.490693766240236E-16;-6.3015618671813579E-17;-1;-0.099612047464146147;-4.1513763697511245E-15;-0.0062000000000000006;1;0;0;0"
"装甲板侧挂轴-1","E:\2025赛季\串联腿\装甲板侧挂轴.SLDPRT","默认","0","1;0;0;0;1;0;0;0;1;-7.0055827802717247E-19;0.020000000000000011;-0.011000000000002931;1;0;0;0"
"装甲模块-1","D:\WheelLeg\装甲模块.SLDASM","默认","2","1.0000000000000002;-1.3877787807814452E-16;2.0373197039163966E-17;1.4177489927922306E-16;0.96592582628907575;-0.25881904510249343;2.3260339041874124E-17;0.25881904510249348;0.96592582628907564;-0.0018354502568923214;0.00013938264859408769;-0.023906750094038073;1;0;0;0"
"装甲模块-1/螺栓M4-8-1","D:\WheelLeg\螺栓M4-8.SLDPRT","M4*8","2","0.73840986304949785;-1.3877787807814457E-16;-0.67435218851222101;1.1456529801223287E-16;1.0000000000000002;-1.1102230246251565E-16;0.67435218851222101;2.7755575615628914E-17;0.73840986304949774;0.047500000000000049;0.082999999999996271;0.11975000000000006;1;0;0;0"
"装甲模块-1/二版RM2019裁判系统支撑架AH02-2","D:\WheelLeg\二版RM2019裁判系统支撑架AH02.SLDPRT","默认","2","1.0000000000000002;-1.3877787807814452E-16;2.0373197039163966E-17;1.4177489927922306E-16;0.96592582628907575;-0.25881904510249343;2.3260339041874124E-17;0.25881904510249348;0.96592582628907564;0.047500000000000001;-0.0070000000000068697;0.13599999999999757;1;0;0;0"
"装甲模块-1/小装甲板-1","D:\WheelLeg\小装甲板.SLDPRT","默认","2","2.0216617833671556E-15;0.25881904510249321;0.96592582628907564;-3.8175922475971524E-16;0.96592582628907564;-0.25881904510249321;-0.99999999999999989;1.5449347767178584E-16;2.0515818865873433E-15;-0.045004395502079894;-0.041391688866563053;0.17302322566961359;1;0;0;0"
"装甲模块-1/大装甲板-改1.15-1","E:\2025赛季\串联腿v2\大装甲板-改1.15.SLDPRT","默认","0","8.0054464869081979E-16;0.96592582628906809;0.25881904510252146;1.9476580391965765E-15;-0.25881904510252146;0.96592582628906798;0.99999999999999989;-2.6917575737686457E-16;-2.0884894023755906E-15;0.045004395502079721;0.15846558992789037;-0.015499126282312377;1;0;0;0"
"装甲模块-1/螺栓M4-8-2","D:\WheelLeg\螺栓M4-8.SLDPRT","M4*8","2","0.64788718471066709;-5.5511151231257827E-17;-0.76173630338043219;1.6441618417049958E-16;1;1.3877787807814457E-16;0.76173630338043252;-1.9428902930940239E-16;0.64788718471066697;-0.04749999999999998;0.082999999999996382;0.11975000000000029;1;0;0;0"
"装甲模块-1/二版RM2019裁判系统支撑架AH02-1","D:\WheelLeg\二版RM2019裁判系统支撑架AH02.SLDPRT","默认","2","1.0000000000000002;-1.3877787807814452E-16;2.0373197039163966E-17;1.4177489927922306E-16;0.96592582628907575;-0.25881904510249343;2.3260339041874124E-17;0.25881904510249348;0.96592582628907564;-0.047499999999999994;-0.0070000000000067794;0.13599999999999779;1;0;0;0"
"碗组轴承32.7-41.8-6-1","E:\2025赛季\串联腿\碗组轴承32.7-41.8-6.SLDPRT","默认","0","0.99339946215366559;-0.11470618376010888;0;0.11470618376010888;0.99339946215366559;0;0;0;0.99999999999999989;-0.20473381266095092;-0.026733991412147155;0.031100000000000069;1;0;0;0"
"膝关节轴承座-2","E:\2025赛季\串联腿\膝关节轴承座.SLDPRT","默认","0","-6.9388939039072284E-18;-4.163336342344337E-17;-0.99999999999999989;0.26832283438395121;0.96332904894857319;-4.163336342344337E-17;0.96332904894857319;-0.26832283438395127;5.5511151231257827E-17;-0.19966251109109423;-0.0085270723870191391;0.04000000000000023;1;0;0;0"
"小腿主动连杆-1","E:\2025赛季\串联腿\小腿主动连杆.SLDPRT","默认","0","0.97492291743309845;-0.22254281624832636;3.5120772722129913E-17;0.22254281624832636;0.97492291743309845;-2.409194451361303E-16;1.9374845604814924E-17;2.4269376398887962E-16;1;2.7274985003210701E-17;0.020000000000000004;0.052500000000000005;1;0;0;0"
"碗组轴承32.7-41.8-6-2","E:\2025赛季\串联腿\碗组轴承32.7-41.8-6.SLDPRT","默认","0","-0.99427064866531645;-0.10689189493432733;-1.0630768160190305E-17;-0.10689189493432733;0.99427064866531645;9.5797151440252019E-17;3.2992170768375023E-19;9.6384638856039216E-17;-1;-0.20473381266095089;-0.026733991412147166;0.047900000000000394;1;0;0;0"
"小腿-1","E:\2025赛季\串联腿\小腿.SLDPRT","默认","0","0.81893525064380368;-0.57388592529610849;-1.2787576216645432E-21;0.57388592529610849;0.81893525064380368;2.6013651100568509E-22;8.9793101108872838E-22;-9.4689595978045292E-22;1;-0.20473381266095089;-0.026733991412147166;0.049900000000000375;1;0;0;0"
"膝关节一级长连杆-1","E:\2025赛季\串联腿\膝关节一级长连杆.SLDPRT","默认","0","-0.81893525064380845;-0.57388592529610161;-5.7445630152942663E-18;0.57388592529610161;-0.81893525064380845;1.0100108556615605E-17;-1.0500735297373581E-17;4.9746110708877625E-18;1;0.092130215697428505;-0.0010302961354669913;0.040499999999999994;1;0;0;0"
"法兰轴承F698 8-19-6-1","E:\2025赛季\串联腿\法兰轴承F698 8-19-6.SLDPRT","默认","0","0.9999434427826287;0.010635376628209252;-1.0894063429134349E-15;-1.124100812432971E-15;-6.106226635438361E-16;-1;-0.01063537662820925;0.99994344278262881;-5.9674487573602164E-16;0.092130215697428505;-0.0010302961354669913;0.050999999999999997;1;0;0;0"
"垫片 8-12-0.5-2","E:\2025赛季\串联腿\垫片 8-12-0.5.SLDPRT","默认","0","0.77898235417866724;0.62704584511681571;0;-0.62704584511681571;0.77898235417866724;0;0;0;1;2.9681873533229396E-17;-0.065592462731278417;0.050499999999999996;1;0;0;0"
"法兰轴承F698 8-19-6-6","E:\2025赛季\串联腿\法兰轴承F698 8-19-6.SLDPRT","默认","0","-0.10723851075112732;0.99423332362774908;2.7755575615628914E-17;5.2041704279304213E-18;0;-1;-0.99423332362774908;-0.10723851075112735;-1.0408340855860843E-17;-0.092130215697427895;-0.0010302961354661947;0.051000000000000018;1;0;0;0"
"膝关节节点连杆-1","E:\2025赛季\串联腿\膝关节节点连杆.SLDPRT","默认","0","0.64249810147244524;-0.76628727615973358;4.0225445442186437E-16;0.76628727615973358;0.64249810147244524;-1.5694278637535362E-15;9.4418487957000474E-16;1.3165968930616527E-15;1;-0.092130215697427881;-0.0010302961354661994;0.052500000000000005;1;0;0;0"
"垫片 8-12-0.5-1","E:\2025赛季\串联腿\垫片 8-12-0.5.SLDPRT","默认","0","-0.99607514100300121;-0.088511657287906331;0;0.088511657287906331;-0.99607514100300121;0;0;0;1;0.092130215697428491;-0.0010302961354669968;0.050499999999999996;1;0;0;0"
"垫片 8-12-1-1","E:\2025赛季\串联腿\垫片 8-12-1.SLDPRT","默认","0","0.78093256092322616;-0.62461534986733402;0;0.62461534986733402;0.78093256092322616;0;0;0;1;-0.24649618925665986;0.023074681538235501;0.063400000000000373;1;0;0;0"
"法兰轴承F698 8-19-6-3","E:\2025赛季\串联腿\法兰轴承F698 8-19-6.SLDPRT","默认","0","-0.54156817195081119;0.84065683553389159;5.6665552685410629E-17;1.1408256170817683E-15;6.675367017218466E-16;0.99999999999999989;0.84065683553389148;0.54156817195081108;-1.3205594844135326E-15;4.1956276967639468E-17;-0.065592462731278403;0.064000000000000001;1;0;0;0"
"法兰轴承F698 8-19-6-7","E:\2025赛季\串联腿\法兰轴承F698 8-19-6.SLDPRT","默认","0","-0.83661053187435086;0.547798154393492;5.8875135308951645E-16;1.1408256170817687E-15;6.6753670172184689E-16;0.99999999999999989;0.547798154393492;0.83661053187435064;-1.1834104025953734E-15;-0.13389259229313683;0.048778376814916494;0.063999999999999974;1;0;0;0"
"垫片 8-12-2-1","E:\2025赛季\串联腿\垫片 8-12-2.SLDPRT","默认","0","0.65342111404199044;0.75699461538647972;0;-0.75699461538647972;0.65342111404199044;0;0;0;1;-0.092130215697427895;-0.0010302961354661862;0.049000000000000016;1;0;0;0"
"法兰轴承F698 8-19-6-4","E:\2025赛季\串联腿\法兰轴承F698 8-19-6.SLDPRT","默认","0","-0.88652572387776307;0.46267930675902075;3.4694469519536142E-17;-3.6699235199394774E-17;4.6677113868790942E-18;-1;-0.46267930675902075;-0.88652572387776307;1.284193048453676E-17;2.9681873533229396E-17;-0.065592462731278417;0.050999999999999997;1;0;0;0"
"120mm弧形轮-1","E:\2025赛季\串联腿\120mm弧形轮.SLDPRT","默认","0","0.98487329848733896;0.17327603967851191;-9.3202255323370951E-16;-0.17327603967851191;0.98487329848733896;-1.2416736662391389E-18;9.1770897397241585E-16;1.6272006815470603E-16;1;-1.5337115527854962E-15;-0.17020547273617467;0.083950000000000358;1;0;0;0"
"膝关节二级长连杆-1","E:\2025赛季\串联腿\膝关节二级长连杆.SLDPRT","默认","0","0.97492291743309956;0.22254281624832034;2.5706651748255379E-16;-0.22254281624832034;0.97492291743309956;-2.6086947576100374E-16;-3.0867466700753498E-16;1.9711932361444538E-16;1;-0.24649618925665986;0.023074681538235498;0.064499999999999974;1;0;0;0"
"法兰轴承F698 8-19-6-2","E:\2025赛季\串联腿\法兰轴承F698 8-19-6.SLDPRT","默认","0","0.89701097507707173;0.44200826982227515;-1.3183898417423736E-15;1.1408256170817764E-15;6.6753670172185961E-16;0.99999999999999989;0.44200826982227509;-0.89701097507707162;9.453339053601231E-17;0.092130215697428505;-0.0010302961354669881;0.063999999999999987;1;0;0;0"
"法兰轴承F698 8-19-6-5","E:\2025赛季\串联腿\法兰轴承F698 8-19-6.SLDPRT","默认","0","0.73594345178301701;0.67704300880940971;-1.2915341995421271E-15;1.140825617081775E-15;6.6753670172185754E-16;0.99999999999999989;0.6770430088094096;-0.7359434517830169;-2.8111874385886231E-16;-0.092130215697427881;-0.0010302961354661775;0.064000000000000001;1;0;0;0"
"垫片 8-12-0.5-4","E:\2025赛季\串联腿\垫片 8-12-0.5.SLDPRT","默认","0","0.78093256092322616;-0.62461534986733402;0;0.62461534986733402;0.78093256092322616;0;0;0;1;-0.13389259229313683;0.04877837681491648;0.063999999999999974;1;0;0;0"
"法兰轴承F698 8-19-6-8","E:\2025赛季\串联腿\法兰轴承F698 8-19-6.SLDPRT","默认","0","0.18599749158157877;-0.9825502191365898;1.2274624632330212E-16;-2.4061402919670039E-17;-1.2948102237673886E-16;-1;0.9825502191365898;0.18599749158157877;-4.7724682080947273E-17;-0.13389259229313683;0.04877837681491648;0.050999999999999962;1;0;0;0"
"法兰轴承F698 8-19-6-9","E:\2025赛季\串联腿\法兰轴承F698 8-19-6.SLDPRT","默认","0","-0.83661053187435086;0.547798154393492;5.8875135308951645E-16;1.1408256170817687E-15;6.6753670172184689E-16;0.99999999999999989;0.547798154393492;0.83661053187435064;-1.1834104025953734E-15;-0.24649618925665986;0.023074681538235501;0.063400000000000373;1;0;0;0"
"防松螺母M6-4","E:\2025赛季\串联腿\防松螺母M6.SLDPRT","默认","0","0.25597238879889639;0.96668409326552318;-4.363255962085506E-17;-0.96668409326552318;0.25597238879889628;-4.7550218145345303E-17;-3.479730899685042E-17;5.4350444260512812E-17;1;-0.24649618925665986;0.023074681538235501;0.074499999999999969;1;0;0;0"
"法兰轴承F698 8-19-6-10","E:\2025赛季\串联腿\法兰轴承F698 8-19-6.SLDPRT","默认","0","-0.26810427718366031;0.96338989851244905;0;0;-2.0816681711721685E-17;-1;-0.96338989851244916;-0.26810427718366037;0;-0.24649618925665986;0.023074681538235501;0.048400000000000394;1;0;0;0"
"塞打螺栓 M6-φ8-20-2","E:\2025赛季\串联腿\塞打螺栓 M6-φ8-20.SLDPRT","默认","0","0.040329364750383623;-0.9991864402296653;6.4114736710581346E-16;-1.1325426831307235E-15;-6.8738131985788651E-16;-1;0.9991864402296653;0.040329364750383623;-1.1593429439366903E-15;1.1724398114972597E-17;-0.065592462731278417;0.037499999999999999;1;0;0;0"
"电机梁中间内嵌打印件-1","E:\2025赛季\串联腿\电机梁中间内嵌打印件.SLDPRT","默认","0","1;0;0;0;1;0;0;0;1;2.4286128663675299E-17;-0.065500000000000003;-0.038800000000000001;1;0;0;0"
"塞打螺栓 M6-φ8-20-4","E:\2025赛季\串联腿\塞打螺栓 M6-φ8-20.SLDPRT","默认","0","0.0043044306772009114;-0.9999907358953608;3.4694469519536142E-18;1.7347234759768071E-16;3.4694469519536142E-18;-1;0.99999073589536069;0.0043044306772009062;1.8041124150158794E-16;-0.24649618925665986;0.023074681538235501;0.042900000000000396;1;0;0;0"
"膝关节碗组限位环-1","E:\2025赛季\串联腿\膝关节碗组限位环.SLDPRT","默认","0","2.7755575615628914E-17;-1.2490009027033011E-16;1.0000000000000002;-0.50740853254804297;0.86170562322491651;1.4224732503009818E-16;-0.86170562322491639;-0.50740853254804308;-2.7755575615628914E-17;-0.20677223362556188;-0.016677559917421713;0.049400000000000256;1;0;0;0"
"塞打螺栓 M6-φ8-20-1","E:\2025赛季\串联腿\塞打螺栓 M6-φ8-20.SLDPRT","默认","0","-0.2764003663312381;-0.96104257839700169;9.2298252071686492E-16;-1.1657341758564148E-15;-6.6613381477509412E-16;-1;0.9610425783970018;-0.2764003663312381;-1.1082545533771808E-15;0.092130215697428477;-0.0010302961354670057;0.037500000000000006;1;0;0;0"
"防松螺母M6-2","E:\2025赛季\串联腿\防松螺母M6.SLDPRT","默认","0","0.62101636011558814;-0.78379760172431401;-2.1394472276564526E-16;0.78379760172431401;0.62101636011558814;-1.5214378201981998E-15;1.3253624876418765E-15;7.7714841663639433E-16;1;4.1736779217936773E-17;-0.065592462731278403;0.064000000000000001;1;0;0;0"
"塞打螺栓 M6-φ8-20-3","E:\2025赛季\串联腿\塞打螺栓 M6-φ8-20.SLDPRT","默认","0","-0.43586609593978698;-0.90001152570964815;1.1654375495275619E-16;-6.8103076525820202E-18;-1.2619324253044825E-16;-0.99999999999999989;0.90001152570964804;-0.43586609593978692;4.8874000574776696E-17;-0.13389259229313683;0.04877837681491648;0.045499999999999964;1;0;0;0"
"防松螺母M6-3","E:\2025赛季\串联腿\防松螺母M6.SLDPRT","默认","0","0.25597238879889639;0.96668409326552318;-4.363255962085506E-17;-0.96668409326552318;0.25597238879889628;-4.7550218145345303E-17;-3.479730899685042E-17;5.4350444260512812E-17;1;-0.13389259229313683;0.048778376814916487;0.074499999999999997;1;0;0;0"
"防松螺母M6-5","E:\2025赛季\串联腿\防松螺母M6.SLDPRT","默认","0","-0.54539353764842957;0.83818010540177512;-6.4533688553347539E-17;-0.83818010540177512;-0.54539353764842957;4.7596894532667293E-19;-3.4797308996850303E-17;5.4350444260512671E-17;0.99999999999999978;-0.092130215697427881;-0.0010302961354661775;0.064000000000000001;1;0;0;0"
"防松螺母M6-1","E:\2025赛季\串联腿\防松螺母M6.SLDPRT","默认","0","0.99742084551341348;0.071775043958938009;-1.3860342795103335E-15;-0.071775043958938009;0.99742084551341348;-7.8999341936912725E-16;1.325757670577281E-15;8.87438575637637E-16;0.99999999999999989;0.092130215697428505;-0.0010302961354669881;0.063999999999999987;1;0;0;0"
"DM8009P-1","E:\2025赛季\DM8009P.SLDASM","默认","0","0.61898303398783794;-0.78540435677121823;-1.0506301009622792E-16;-9.9529349412047897E-17;5.5329501360254424E-17;-1;0.78540435677121823;0.61898303398783794;-4.3922762033822817E-17;0.095000000000000001;1.6979245214439253E-17;0.0097000000000000003;1;0;0;0"
"底盘骨架-1","E:\2025赛季\串联腿\底盘骨架.SLDPRT","默认","0","1.2325951644078309E-32;4.1633363423443389E-17;-1;-1;-2.7755575615628914E-17;6.3019603258025611E-17;8.3266726846886741E-17;1.0000000000000002;4.4935516350804211E-17;4.163336342344337E-17;-0.12049999999999997;-0.126;1;0;0;0"
"电机梁两头内嵌打印件-1","E:\2025赛季\串联腿\电机梁两头内嵌打印件.SLDPRT","默认","0","1;0;0;0;1;0;0;0;1;-0.069999999999999979;-0.065500000000000017;-0.038800000000000001;1;0;0;0"
"小铝条M3-40-2","D:\WheelLeg\小铝条M3-40.SLDPRT","默认","2","5.1521287236511171E-16;-1.3814760291643321E-16;0.99999999999999989;6.5970244314579906E-17;0.99999999999999989;1.6629267811225077E-16;-0.99999999999999989;2.0925576999679734E-16;6.2276572787567375E-16;0.17500000000000007;-0.077499999999999999;-0.048999999999999981;1;0;0;0"
"小铝条M3-40-1","D:\WheelLeg\小铝条M3-40.SLDPRT","默认","2","8.1878948066105295E-16;-7.1152031777895831E-17;1;4.4282407901247024E-17;1;7.1152031777895794E-17;-1;4.4282407901246975E-17;8.1878948066105295E-16;0.17500000000000002;-0.043499999999999962;-0.048999999999999974;1;0;0;0"
"侧挂轴固定件-1","E:\2025赛季\串联腿\侧挂轴固定件.SLDPRT","默认","0","1;0;0;0;1;0;0;0;1;-2.4033780269492043E-15;0.019999999999999768;-0.01;1;0;0;0"
"塞打螺栓 M6-φ8-20-9","E:\2025赛季\串联腿\塞打螺栓 M6-φ8-20.SLDPRT","默认","0","0.54318759918816428;0.83961135776512597;-1.0965255436531183E-16;-6.8103076525818631E-18;-1.2619324253044778E-16;-0.99999999999999989;-0.83961135776512585;0.54318759918816417;-6.2828592788901186E-17;-0.092130215697427909;-0.001030296135466217;0.034500000000000142;1;0;0;0"
"横梁内嵌打印件-1","E:\2025赛季\串联腿\横梁内嵌打印件.SLDPRT","默认","0","1;0;0;0;1;0;0;0;1;-0.069999999999999937;-0.10049999999999996;-0.040000000000000008;1;0;0;0"
"小腿电机主动链轮20T-1","E:\2025赛季\串联腿\小腿电机主动链轮20T.SLDPRT","默认","0","0.58949472818213233;-0.80777222373975821;0;0.80777222373975821;0.58949472818213233;0;0;0;1;-0.099612047464149658;1.7872466896685561E-14;0.0089999999999999993;1;0;0;0"
"非标轴承14-28-8-1","E:\2025赛季\串联腿\非标轴承14-28-8.SLDPRT","默认","0","1;0;0;0;1;0;0;0;1;-7.0055827802717247E-19;0.020000000000000011;0.026699999999999998;1;0;0;0"
"C620无刷电机调速器-1","E:\鹅颈方案1\正式版（大概吧）\C620无刷电机调速器.SLDASM","默认","0","0.81893525064380379;-0.57388592529610849;-1.1355054005292578E-16;3.6489629910965468E-17;2.4993326713136323E-16;-0.99999999999999989;0.57388592529610838;0.81893525064380368;2.2562004778775032E-16;-0.072311982631847835;-0.11953134553252791;0.064300000000000385;1;0;0;0"
"髋关节RA6008压紧盖-1","E:\2025赛季\串联腿\髋关节RA6008压紧盖.SLDPRT","默认","0","1;0;0;0;1;0;0;0;1;0;0.020000000000000011;-0.26800000000000002;1;0;0;0"
"云台装配-final-1","E:\鹅颈方案1\正式版（大概吧）\云台装配-final.SLDASM","默认","0","-0.99984474790905431;0;-0.017620444905845894;0;1;0;0.017620444905845894;0;-0.99984474790905431;-2.0599841277224584E-18;0.090393648272377641;-0.12199999999999998;1;0;0;0"
"包胶轴承 6-30-6-1","E:\2025赛季\串联腿\包胶轴承 6-30-6.SLDPRT","默认","0","0.97872241779429625;0.20518876408538322;0;-0.20518876408538322;0.97872241779429625;0;0;0;1;0.23412132034355965;-0.10539949493661191;-0.040000000000000008;1;0;0;0"
"大腿电机主动链轮20T-1","E:\2025赛季\串联腿\大腿电机主动链轮20T.SLDPRT","默认","0","0.4048039021388094;-0.91440352187269769;1.8541417325955887E-16;0.91440352187269769;0.4048039021388094;-2.0612401504117583E-16;1.1342414444888138E-16;2.5298317864684183E-16;0.99999999999999989;0.099612047464148493;-5.792542826020784E-15;0.018000000000000002;1;0;0;0"
"垫片 8-12-2-2","E:\2025赛季\串联腿\垫片 8-12-2.SLDPRT","默认","0","0.65342111404199044;0.75699461538647972;6.303246386395013E-17;-0.75699461538647972;0.65342111404199044;5.4408237418922851E-17;-2.4651903288156613E-32;-8.3266726846886765E-17;1;-0.092130215697427895;-0.0010302961354661715;-0.30300000000000005;1;0;0;0"
"法兰轴承F698 8-19-6-19","E:\2025赛季\串联腿\法兰轴承F698 8-19-6.SLDPRT","默认","0","-0.54156817195081131;0.84065683553389181;1.333319041095814E-17;1.1408256170817683E-15;7.5080342856873344E-16;-1;-0.84065683553389159;-0.54156817195081119;-1.365654093456329E-15;4.1956276967639468E-17;-0.065592462731278375;-0.316;1;0;0;0"
"MT2042-6线5A-2","E:\2025赛季\滑环\MT2042-6线5A.SLDPRT","默认","0","0.99969484918727847;0.024702398839476045;-7.7198770908385142E-17;-0.024702398839476045;0.99969484918727847;1.0837702426038124E-16;7.9852386119016853E-17;-1.0643695809445157E-16;1;-1.8233954300959451E-16;0.020000000000000028;-0.36290000000000006;1;0;0;0"
"膝关节垫板-2","E:\2025赛季\串联腿\膝关节垫板.SLDPRT","默认","0","1;0;0;0;1;0;0;0;1;-0.20473381266095089;-0.026733991412147155;-0.30190000000000039;1;0;0;0"
"膝关节轴承座-4","E:\2025赛季\串联腿\膝关节轴承座.SLDPRT","默认","0","6.938893903907253E-18;7.6327832942979549E-17;-1;-0.22431993281025239;0.97451555541407542;7.2826128299678529E-17;0.97451555541407542;0.22431993281025239;2.388391440404686E-17;-0.20897345939106468;-0.0083156474148211243;-0.29100000000000026;1;0;0;0"
"装甲板侧挂轴-2","E:\2025赛季\串联腿\装甲板侧挂轴.SLDPRT","默认","0","-1;1.0263416486754036E-48;-2.4651903288156619E-32;-1.0263416486754036E-48;1;8.3266726846886778E-17;2.4651903288156619E-32;8.3266726846886778E-17;-1;-7.0055827802716959E-19;0.020000000000000021;-0.24099999999999711;1;0;0;0"
"髋关节轴承座-2","E:\2025赛季\串联腿\髋关节轴承座.SLDPRT","默认","0","0.33171304809788205;0.94338033354613249;-1.8796838433280205E-17;0.94338033354613249;-0.33171304809788205;-4.4257922708641972E-18;-1.0410361960000555E-17;-1.626447466638423E-17;-1;-9.141219385620283E-20;0.020000000000000025;-0.29400000000000004;1;0;0;0"
"RA6008-2","E:\2025赛季\串联腿\RA6008.SLDPRT","默认","0","-0.99998632158689205;-0.0052303574559515748;-4.3551474559632212E-19;-0.0052303574559515748;0.99998632158689205;8.3265587890198806E-17;2.4651903288156613E-32;8.3266726846886753E-17;-1;-2.967925398026354E-20;0.020000000000000011;-0.26050000000000001;1;0;0;0"
"膝关节轴承座-3","E:\2025赛季\串联腿\膝关节轴承座.SLDPRT","默认","0","-6.9388939039072546E-18;-1.2490009027033016E-16;1;0.26832283438395127;0.96332904894857341;1.2218174885349404E-16;-0.96332904894857341;0.26832283438395127;2.6829108170940332E-17;-0.1996625110910942;-0.0085270723870191217;-0.2920000000000002;1;0;0;0"
"碗组轴承32.7-41.8-6-4","E:\2025赛季\串联腿\碗组轴承32.7-41.8-6.SLDPRT","默认","0","0.99427064866531623;0.1068918949343273;-1.7302299425475263E-18;-0.1068918949343273;0.99427064866531623;-1.300748892596018E-17;3.2992170768372037E-19;1.3117912009152363E-17;1;-0.20473381266095089;-0.026733991412147152;-0.29990000000000039;1;0;0;0"
"膝关节螺母M27-2","E:\2025赛季\串联腿\膝关节螺母M27.SLDPRT","默认","0","2.7755575615629037E-17;-2.775557561562937E-17;-1;0.0033681812141853162;0.9999943276615666;-2.7661932368233601E-17;0.9999943276615666;-0.0033681812141853162;2.7848903984988197E-17;-0.20473381266095089;-0.026733991412147155;-0.28440000000000043;1;0;0;0"
"法兰轴承F698 8-19-6-18","E:\2025赛季\串联腿\法兰轴承F698 8-19-6.SLDPRT","默认","0","0.89701097507707173;0.44200826982227515;1.3551944236097301E-15;1.1408256170817764E-15;7.5080342856874645E-16;-1;-0.44200826982227515;0.89701097507707173;1.6922455837641449E-16;0.092130215697428505;-0.0010302961354669723;-0.316;1;0;0;0"
"法兰轴承F698 8-19-6-20","E:\2025赛季\串联腿\法兰轴承F698 8-19-6.SLDPRT","默认","0","0.9999434427826287;0.010635376628209252;1.0902919159140498E-15;-1.0829780428438884E-15;-6.9345200951110246E-16;1;0.010635376628209252;-0.9999434427826287;-6.8189491042933826E-16;0.092130215697428505;-0.0010302961354669766;-0.30299999999999999;1;0;0;0"
"大腿-2","E:\2025赛季\串联腿\大腿.SLDPRT","默认","0","-0.97492291743309989;-0.22254281624831992;-1.2319712278557865E-15;-0.2225428162483199;0.97492291743309967;1.1556114309736457E-15;9.4390396131717515E-16;1.400798414287793E-15;-1;2.3314683518227265E-17;0.020000000000000032;-0.28600000000000003;1;0;0;0"
"碗组轴承40.5-49.5-6.5-4","E:\2025赛季\串联腿\碗组轴承40.5-49.5-6.5.SLDPRT","默认","0","0.94717417284212635;0.32071963815899035;2.6705274505017038E-17;0.32071963815899035;-0.94717417284212646;-7.8868093126471249E-17;2.4651903288156624E-32;8.326672684688679E-17;-1;1.3718328316951748E-15;0.020000000000000805;-0.28675;1;0;0;0"
"髋关节锁盖M24-2","E:\2025赛季\串联腿\髋关节锁盖M24.SLDPRT","默认","0","0.9996948491872788;0.024702398839467059;1.5872597203991623E-16;-0.024702398839467059;0.9996948491872788;6.6843024172897968E-17;-1.5702635363779321E-16;-7.0743539237258965E-17;1;1.7137766623559888E-17;0.020000000000000028;-0.34950000000000003;1;0;0;0"
"大腿链轮20T-2","E:\2025赛季\串联腿\大腿链轮20T.SLDPRT","默认","0","0.49715787792420135;-0.86766009728343807;-1.7702371950463978E-16;0.86766009728343807;0.49715787792420135;-2.9343000001345019E-16;3.4260623908872509E-16;-7.7153815608865037E-18;1;1.3723283117645592E-15;0.020000000000000819;-0.29300000000000004;1;0;0;0"
"小腿链轮20T M24-2","E:\2025赛季\串联腿\小腿链轮20T M24.SLDPRT","默认","0","-0.68018919101731767;-0.73303660510455226;-1.6910371484244411E-16;0.73303660510455226;-0.68018919101731767;-1.444325110508442E-16;-9.1482014292886505E-18;-2.222006458869685E-16;1;-2.7720026869607031E-18;0.020000000000000052;-0.32849999999999996;1;0;0;0"
"大侧板-2","E:\2025赛季\串联腿\大侧板.SLDPRT","默认","0","-1;1.0263416486754036E-48;-2.4651903288156619E-32;-1.0263416486754036E-48;1;8.3266726846886778E-17;2.4651903288156619E-32;8.3266726846886778E-17;-1;3.106139814307734E-33;1.0408340855860843E-17;-0.252;1;0;0;0"
"髋关节RA6008压紧盖-2","E:\2025赛季\串联腿\髋关节RA6008压紧盖.SLDPRT","默认","0","-1;1.0263416486754036E-48;-2.4651903288156619E-32;-1.0263416486754036E-48;1;8.3266726846886778E-17;2.4651903288156619E-32;8.3266726846886778E-17;-1;-3.5005702669182403E-33;0.02;0.016000000000000014;1;0;0;0"
"MG8016-i6-3","E:\2025赛季\串联腿\MG8016-i6.SLDPRT","默认","0","-0.80777222373962776;-0.58949472818231097;1.1975524995748574E-16;0.58949472818231097;-0.80777222373962776;-2.4476875140301472E-16;2.4102485313849705E-16;-1.2712231010069258E-16;1;-0.099612047464147327;-2.5330502828782698E-15;-0.24580000000000002;1;0;0;0"
"侧挂轴固定件-2","E:\2025赛季\串联腿\侧挂轴固定件.SLDPRT","默认","0","1;0;0;0;1;0;0;0;1;-2.4033780269492043E-15;0.019999999999999768;-0.252;1;0;0;0"
"镜向小腿-4","E:\2025赛季\串联腿\镜向小腿.SLDPRT","默认","0","0.81893525064380368;-0.57388592529610838;-8.326800560450841E-17;0.57388592529610838;0.81893525064380368;6.818979768424987E-17;2.9057939900624436E-17;-1.0362936550171086E-16;1;-0.20473381266095089;-0.026733991412147152;-0.30190000000000039;1;0;0;0"
"膝关节锁盖M27-2","E:\2025赛季\串联腿\膝关节锁盖M27.SLDPRT","默认","0","-1;1.0263416486754036E-48;-2.4651903288156619E-32;-1.0263416486754036E-48;1;8.3266726846886778E-17;2.4651903288156619E-32;8.3266726846886778E-17;-1;-0.20473381266095089;-0.026733991412147152;-0.27910000000000007;1;0;0;0"
"包胶轴承 6-30-6-2","E:\2025赛季\串联腿\包胶轴承 6-30-6.SLDPRT","默认","0","0.97872241779429625;0.20518876408538322;0;-0.20518876408538322;0.97872241779429625;0;0;0;1;0.23412132034355965;-0.10539949493661191;-0.218;1;0;0;0"
"M3508改 268：17-3","E:\2025赛季\串联腿\M3508改 268：17.SLDASM","默认","0","0.97539205100696547;0.22047754269409217;-6.5295460568214982E-18;0.22047754269409217;-0.97539205100696547;-1.0471958318791248E-16;-2.9457183693728078E-17;1.007030307567366E-16;-1;-0.0034875477769714266;-0.1639282029801116;-0.24058139213989349;1;0;0;0"
"非标轴承14-28-8-2","E:\2025赛季\串联腿\非标轴承14-28-8.SLDPRT","默认","0","-1;1.0263416486754036E-48;-2.4651903288156619E-32;-1.0263416486754036E-48;1;8.3266726846886778E-17;2.4651903288156619E-32;8.3266726846886778E-17;-1;-7.0055827802716872E-19;0.020000000000000025;-0.2787;1;0;0;0"
"C620无刷电机调速器-2","E:\鹅颈方案1\正式版（大概吧）\C620无刷电机调速器.SLDASM","默认","0","0.81893525064380357;-0.57388592529610827;1.1874912986854788E-16;6.9757941761634124E-18;2.1687559867655783E-16;1;-0.57388592529610838;-0.81893525064380379;1.8161038285640764E-16;-0.072125311886201887;-0.11926496636702637;-0.31630000000000041;1;0;0;0"
"小腿电机主动链轮20T-2","E:\2025赛季\串联腿\小腿电机主动链轮20T.SLDPRT","默认","0","-0.58949472818213233;0.80777222373975821;6.726054910864074E-17;0.80777222373975821;0.58949472818213233;4.9085296509221409E-17;2.4651903288156619E-32;8.326672684688679E-17;-1;-0.099612047464149658;1.7877945149351564E-14;-0.26100000000000001;1;0;0;0"
"MG8016-i6-4","E:\2025赛季\串联腿\MG8016-i6.SLDPRT","默认","0","0.80777222373962776;-0.58949472818231097;1.1975524995748576E-16;0.58949472818231097;0.80777222373962776;2.4476875140301472E-16;-2.4102485313849705E-16;-1.2712231010069258E-16;1;0.099612047464146147;-4.1453722325467697E-15;-0.24580000000000002;1;0;0;0"
"包胶轴承 6-30-6-3","E:\2025赛季\串联腿\包胶轴承 6-30-6.SLDPRT","默认","0","-0.97872241779429625;0.20518876408538322;0;0.20518876408538322;0.97872241779429625;0;0;0;-1;-0.23412132034355965;-0.10539949493661191;-0.034000000000000002;1;0;0;0"
"包胶轴承 6-30-6-4","E:\2025赛季\串联腿\包胶轴承 6-30-6.SLDPRT","默认","0","-0.97872241779429625;0.20518876408538322;0;0.20518876408538322;0.97872241779429625;0;0;0;-1;-0.23412132034355965;-0.10539949493661191;-0.21199999999999999;1;0;0;0"
"大腿电机主动链轮20T-2","E:\2025赛季\串联腿\大腿电机主动链轮20T.SLDPRT","默认","0","-0.40480390213880951;0.91440352187269791;2.6155356154316411E-16;0.9144035218726978;0.4048039021388094;2.3983071098712198E-16;1.1342414444888138E-16;3.3624990549372862E-16;-1;0.099612047464148493;-5.7842813387921742E-15;-0.27000000000000002;1;0;0;0"
"塞打螺栓 M6-φ8-20-10","E:\2025赛季\串联腿\塞打螺栓 M6-φ8-20.SLDPRT","默认","0","0.54318759918816428;0.83961135776512597;1.7956424394988432E-16;-6.8103076525818831E-18;-2.094599693773346E-16;1;0.83961135776512597;-0.54318759918816428;-1.0805804623711828E-16;-0.092130215697427909;-0.0010302961354662038;-0.28650000000000009;1;0;0;0"
"横梁内嵌打印件-4","E:\2025赛季\串联腿\横梁内嵌打印件.SLDPRT","默认","0","-1;1.0263416486754036E-48;-2.4651903288156619E-32;-1.0263416486754036E-48;1;8.3266726846886778E-17;2.4651903288156619E-32;8.3266726846886778E-17;-1;0.069999999999999937;-0.10049999999999995;-0.21200000000000002;1;0;0;0"
"电机梁两头内嵌打印件-2","E:\2025赛季\串联腿\电机梁两头内嵌打印件.SLDPRT","默认","0","-1;0;0;0;1;0;0;0;-1;0.069999999999999965;-0.065500000000000003;-0.0012000000000000031;1;0;0;0"
"横梁内嵌打印件-2","E:\2025赛季\串联腿\横梁内嵌打印件.SLDPRT","默认","0","-1;0;0;0;1;0;0;0;-1;0.069999999999999937;-0.10049999999999996;-6.9388939039072284E-18;1;0;0;0"
"MG8016-i6-2","E:\2025赛季\串联腿\MG8016-i6.SLDPRT","默认","0","0.80777222373962776;-0.58949472818231097;-1.68840546466722E-16;-0.58949472818231097;-0.80777222373962776;1.7750820229438481E-16;-2.4102485313849705E-16;-4.3855583253805806E-17;-1;0.099612047464147327;-2.5398313796873853E-15;-0.0062000000000000006;1;0;0;0"
"电机梁两头内嵌打印件-3","E:\2025赛季\串联腿\电机梁两头内嵌打印件.SLDPRT","默认","0","1;0;0;0;1;0;0;0;1;-0.069999999999999979;-0.065500000000000017;-0.25080000000000002;1;0;0;0"
"横梁内嵌打印件-3","E:\2025赛季\串联腿\横梁内嵌打印件.SLDPRT","默认","0","1;0;0;0;1;0;0;0;1;-0.069999999999999937;-0.10049999999999995;-0.252;1;0;0;0"
"防松螺母M6-6","E:\2025赛季\串联腿\防松螺母M6.SLDPRT","默认","0","-0.99742084551341348;-0.071775043958938009;-1.3920107524900858E-15;-0.071775043958938009;0.99742084551341348;8.730453884638837E-16;1.3257576705772808E-15;9.7070530248452354E-16;-1;0.092130215697428505;-0.0010302961354669723;-0.31599999999999995;1;0;0;0"
"法兰轴承F698 8-19-6-12","E:\2025赛季\串联腿\法兰轴承F698 8-19-6.SLDPRT","默认","0","-0.10723851075112732;0.99423332362774908;5.5030978964955254E-17;2.1678553629611404E-18;-5.5116339476893825E-17;1;0.99423332362774908;0.10723851075112732;3.7552401208945665E-18;-0.092130215697427895;-0.0010302961354661797;-0.30300000000000005;1;0;0;0"
"防松螺母M6-10","E:\2025赛季\串联腿\防松螺母M6.SLDPRT","默认","0","-0.25597238879889639;-0.96668409326552318;-1.241251799620258E-16;-0.96668409326552318;0.25597238879889639;6.8864201123808097E-17;-3.4797308996850395E-17;1.3761717110739958E-16;-1;-0.24649618925665986;0.023074681538235515;-0.32649999999999996;1;0;0;0"
"电机梁两头内嵌打印件-4","E:\2025赛季\串联腿\电机梁两头内嵌打印件.SLDPRT","默认","0","-1;1.0263416486754036E-48;-2.4651903288156619E-32;-1.0263416486754036E-48;1;8.3266726846886778E-17;2.4651903288156619E-32;8.3266726846886778E-17;-1;0.069999999999999951;-0.065500000000000003;-0.21319999999999997;1;0;0;0"
"电机梁中间内嵌打印件-2","E:\2025赛季\串联腿\电机梁中间内嵌打印件.SLDPRT","默认","0","1;0;0;0;1;0;0;0;1;2.4286128663675299E-17;-0.065500000000000003;-0.25080000000000002;1;0;0;0"
"垫片 8-12-1-2","E:\2025赛季\串联腿\垫片 8-12-1.SLDPRT","默认","0","0.78093256092322594;-0.62461534986733391;-5.2009675721775893E-17;0.62461534986733391;0.78093256092322594;6.5025698236234026E-17;-2.4651903288156619E-32;-8.3266726846886765E-17;1;-0.24649618925665986;0.023074681538235515;-0.3164000000000004;1;0;0;0"
"防松螺母M6-8","E:\2025赛季\串联腿\防松螺母M6.SLDPRT","默认","0","-0.62101636011558814;0.78379760172431401;-1.4868046195962185E-16;0.78379760172431401;0.62101636011558814;1.5731478198233925E-15;1.3253624876418767E-15;8.6041514348328137E-16;-1;4.2275425047365857E-17;-0.065592462731278375;-0.316;1;0;0;0"
"防松螺母M6-7","E:\2025赛季\串联腿\防松螺母M6.SLDPRT","默认","0","-0.25597238879889639;-0.96668409326552318;-1.241251799620258E-16;-0.96668409326552318;0.25597238879889639;6.8864201123808097E-17;-3.4797308996850395E-17;1.3761717110739958E-16;-1;-0.13389259229313683;0.048778376814916501;-0.32650000000000001;1;0;0;0"
"防松螺母M6-9","E:\2025赛季\串联腿\防松螺母M6.SLDPRT","默认","0","0.54539353764842968;-0.83818010540177534;-1.3432620243833193E-16;-0.83818010540177523;-0.54539353764842957;-4.5889103668755739E-17;-3.4797308996850278E-17;1.3761717110739946E-16;-1;-0.092130215697427881;-0.0010302961354661611;-0.316;1;0;0;0"
"垫片 8-12-0.5-5","E:\2025赛季\串联腿\垫片 8-12-0.5.SLDPRT","默认","0","0.78093256092322594;-0.62461534986733391;-5.2009675721775893E-17;0.62461534986733391;0.78093256092322594;6.5025698236234026E-17;-2.4651903288156619E-32;-8.3266726846886765E-17;1;-0.13389259229313683;0.048778376814916494;-0.31649999999999995;1;0;0;0"
"塞打螺栓 M6-φ8-20-5","E:\2025赛季\串联腿\塞打螺栓 M6-φ8-20.SLDPRT","默认","0","0.040329364750383623;-0.9991864402296653;-7.2434635149353013E-16;-1.1325426831307235E-15;-7.7064804670477315E-16;1;-0.9991864402296653;-0.040329364750383623;-1.1627010381352688E-15;1.1724398114972597E-17;-0.065592462731278389;-0.28949999999999998;1;0;0;0"
"法兰轴承F698 8-19-6-11","E:\2025赛季\串联腿\法兰轴承F698 8-19-6.SLDPRT","默认","0","0.18599749158157877;-0.9825502191365898;-2.0455998703349728E-16;-2.4061402919670067E-17;-2.127477492236256E-16;1;-0.9825502191365898;-0.18599749158157877;-6.3212084406676749E-17;-0.13389259229313683;0.048778376814916494;-0.30299999999999994;1;0;0;0"
"法兰轴承F698 8-19-6-15","E:\2025赛季\串联腿\法兰轴承F698 8-19-6.SLDPRT","默认","0","-0.83661053187435064;0.54779815439349189;-5.4313799380040481E-16;1.1408256170817691E-15;7.5080342856873383E-16;-1;-0.547798154393492;-0.83661053187435086;-1.2530722232301841E-15;-0.24649618925665986;0.023074681538235515;-0.3154000000000004;1;0;0;0"
"法兰轴承F698 8-19-6-17","E:\2025赛季\串联腿\法兰轴承F698 8-19-6.SLDPRT","默认","0","-0.88652572387776329;0.46267930675902086;3.8313219340741521E-18;-3.6699235199394793E-17;-7.8599015460007661E-17;1;0.46267930675902075;0.88652572387776307;8.6660025777405038E-17;2.9681873533229396E-17;-0.065592462731278389;-0.30299999999999999;1;0;0;0"
"法兰轴承F698 8-19-6-14","E:\2025赛季\串联腿\法兰轴承F698 8-19-6.SLDPRT","默认","0","-0.26810427718366037;0.96338989851244927;8.021832352648608E-17;-5.3767189114884105E-18;-8.4763027918353417E-17;1;0.96338989851244927;0.26810427718366037;2.7905207018417353E-17;-0.24649618925665986;0.023074681538235515;-0.30040000000000039;1;0;0;0"
"膝关节一级长连杆-2","E:\2025赛季\串联腿\膝关节一级长连杆.SLDPRT","默认","0","0.81893525064380845;0.57388592529610172;4.2041039567501461E-17;0.57388592529610172;-0.81893525064380845;-7.8290166377260341E-17;-1.0500735297461725E-17;8.8241337917712732E-17;-1;5.4100808567787216E-17;-0.065592462731278403;-0.29249999999999998;1;0;0;0"
"塞打螺栓 M6-φ8-20-8","E:\2025赛季\串联腿\塞打螺栓 M6-φ8-20.SLDPRT","默认","0","-0.27640036633123816;-0.96104257839700191;-1.0030053905804761E-15;-1.1548412950643718E-15;-7.1152605403895548E-16;1;-0.96104257839700191;0.27640036633123816;-9.1318559385740909E-16;0.092130215697428477;-0.0010302961354669913;-0.28949999999999998;1;0;0;0"
"垫片 8-12-0.5-7","E:\2025赛季\串联腿\垫片 8-12-0.5.SLDPRT","默认","0","-0.99607514100300099;-0.088511657287906317;-7.3700759901573747E-18;0.088511657287906317;-0.99607514100300099;-8.2939916684871124E-17;-2.311115933264683E-32;-8.326672684688679E-17;1;0.092130215697428491;-0.001030296135466982;-0.30299999999999999;1;0;0;0"
"法兰轴承F698 8-19-6-13","E:\2025赛季\串联腿\法兰轴承F698 8-19-6.SLDPRT","默认","0","-0.83661053187435064;0.54779815439349189;-5.4313799380040481E-16;1.1408256170817691E-15;7.5080342856873383E-16;-1;-0.547798154393492;-0.83661053187435086;-1.2530722232301841E-15;-0.13389259229313683;0.048778376814916508;-0.31599999999999995;1;0;0;0"
"塞打螺栓 M6-φ8-20-6","E:\2025赛季\串联腿\塞打螺栓 M6-φ8-20.SLDPRT","默认","0","0.0043044306772009114;-0.9999907358953608;-8.6735402407169913E-17;1.7349900133004411E-16;-8.5989384598037903E-17;1;-0.9999907358953608;-0.0043044306772009114;1.731272586721636E-16;-0.24649618925665986;0.023074681538235515;-0.29490000000000038;1;0;0;0"
"法兰轴承F698 8-19-6-16","E:\2025赛季\串联腿\法兰轴承F698 8-19-6.SLDPRT","默认","0","0.73594345178301701;0.67704300880940971;1.3479093548202547E-15;1.1408256170817748E-15;7.5080342856874389E-16;-1;-0.67704300880940971;0.73594345178301701;-2.1983914148449097E-16;-0.092130215697427881;-0.0010302961354661617;-0.316;1;0;0;0"
"垫片 8-12-0.5-6","E:\2025赛季\串联腿\垫片 8-12-0.5.SLDPRT","默认","0","0.77898235417866724;0.62704584511681571;5.2212055105817187E-17;-0.62704584511681571;0.77898235417866724;6.4863310903939876E-17;-1.8488927466117459E-32;-8.3266726846886765E-17;1;2.9681873533229396E-17;-0.065592462731278389;-0.30299999999999999;1;0;0;0"
"塞打螺栓 M6-φ8-20-7","E:\2025赛季\串联腿\塞打螺栓 M6-φ8-20.SLDPRT","默认","0","-0.43586609593978698;-0.90001152570964815;-1.9148476882307129E-16;-6.8103076525820418E-18;-2.0945996937733504E-16;1;-0.90001152570964815;0.43586609593978698;8.5167143727213896E-17;-0.13389259229313683;0.048778376814916487;-0.29749999999999993;1;0;0;0"
"膝关节节点连杆-2","E:\2025赛季\串联腿\膝关节节点连杆.SLDPRT","默认","0","0.64249810147244524;-0.76628727615973358;-4.6606068773210201E-16;0.76628727615973358;0.64249810147244524;1.6229265776685776E-15;-9.4418487957007495E-16;-1.3998636199085982E-15;1;-0.092130215697427881;-0.0010302961354661717;-0.3145;1;0;0;0"
"碗组轴承40.5-49.5-6.5-3","E:\2025赛季\串联腿\碗组轴承40.5-49.5-6.5.SLDPRT","默认","0","-0.95380028198520395;0.30044137878285909;-3.4098248146145327E-17;-0.30044137878285909;-0.95380028198520395;-1.6016789448508764E-16;-8.0643981752842091E-17;-1.4252365823774501E-16;1;-8.8186198326153807E-20;0.020000000000000025;-0.30025000000000007;1;0;0;0"
"膝关节二级长连杆-2","E:\2025赛季\串联腿\膝关节二级长连杆.SLDPRT","默认","0","0.97492291743309956;0.22254281624832037;-2.3853610559126923E-16;-0.22254281624832037;0.97492291743309956;3.4204811602297727E-16;3.0867466700835565E-16;-2.803860504604286E-16;1;-0.24649618925665986;0.023074681538235515;-0.32650000000000001;1;0;0;0"
"碗组轴承32.7-41.8-6-3","E:\2025赛季\串联腿\碗组轴承32.7-41.8-6.SLDPRT","默认","0","0.99339946215366581;-0.11470618376010891;-9.5512084708017636E-18;0.11470618376010888;0.99339946215366559;8.2717121664993509E-17;-2.4651903288156608E-32;-8.3266726846886765E-17;1;-0.20473381266095092;-0.026733991412147141;-0.28910000000000008;1;0;0;0"
"6802轴承 15-24-5-2","E:\2025赛季\串联腿\6802轴承 15-24-5.SLDPRT","默认","0","-0.99962584024402301;0.027352870350865369;2.27758398398379E-18;0.027352870350865369;0.99962584024402301;8.3235571788688738E-17;2.4651903288156613E-32;8.3266726846886765E-17;-1;-8.0103072145840109E-19;0.020000000000000025;-0.32700000000000001;1;0;0;0"
"小腿主动连杆-2","E:\2025赛季\串联腿\小腿主动连杆.SLDPRT","默认","0","0.97492291743309822;-0.22254281624832636;-3.9773396805656854E-17;-0.22254281624832636;-0.97492291743309822;-3.3597587320677386E-16;3.5993020964934116E-17;3.3640186223078807E-16;-1;4.2371664066131109E-17;0.020000000000000014;-0.30449999999999999;1;0;0;0"
"装甲模块-2","D:\WheelLeg\装甲模块.SLDASM","默认","2","-1;1.3877787807814449E-16;2.0373197039163951E-17;1.3932210795663769E-16;0.96592582628907575;0.25881904510249348;1.623936070133103E-17;0.25881904510249348;-0.96592582628907575;0.0018354519182528914;0.0001393826485940608;-0.22809324990596189;1;0;0;0"
"装甲模块-2/螺栓M4-8-1","D:\WheelLeg\螺栓M4-8.SLDPRT","M4*8","2","-0.73840986304949774;8.3266726846886741E-17;0.67435218851222112;1.6717683553882374E-16;1.0000000000000002;1.3877787807814457E-16;-0.6743521885122209;1.9428902930940239E-16;-0.73840986304949774;-0.047499998338639444;0.082999999999996243;-0.37175000000000002;1;0;0;0"
"装甲模块-2/二版RM2019裁判系统支撑架AH02-2","D:\WheelLeg\二版RM2019裁判系统支撑架AH02.SLDPRT","默认","2","-1;1.3877787807814449E-16;2.0373197039163951E-17;1.3932210795663769E-16;0.96592582628907575;0.25881904510249348;1.623936070133103E-17;0.25881904510249348;-0.96592582628907575;-0.047499998338639424;-0.0070000000000068827;-0.38799999999999757;1;0;0;0"
"装甲模块-2/小装甲板-1","D:\WheelLeg\小装甲板.SLDPRT","默认","2","-1.9821620836239503E-15;0.25881904510249326;-0.96592582628907586;6.6285623199557589E-16;0.96592582628907586;0.25881904510249326;1;-1.2724865587927047E-16;-2.0861813654686726E-15;0.045004397163440436;-0.041391688866563081;-0.42502322566961359;1;0;0;0"
"装甲模块-2/大装甲板-改1.15-1","E:\2025赛季\串联腿v2\大装甲板-改1.15.SLDPRT","默认","0","-5.3735764962518058E-16;0.9659258262890682;-0.25881904510252152;-2.0539987993950258E-15;-0.25881904510252152;-0.9659258262890682;-1;8.8800643465125431E-17;2.1908179968254469E-15;-0.045004393840719102;0.15846558992789034;-0.23650087371768758;1;0;0;0"
"装甲模块-2/螺栓M4-8-2","D:\WheelLeg\螺栓M4-8.SLDPRT","M4*8","2","-0.64788718471066697;1.1102230246251565E-16;0.76173630338043241;1.1732594938055702E-16;1;-1.1102230246251565E-16;-0.7617363033804323;2.7755575615628914E-17;-0.64788718471066709;0.047500001661360564;0.082999999999996327;-0.37175000000000025;1;0;0;0"
"装甲模块-2/二版RM2019裁判系统支撑架AH02-1","D:\WheelLeg\二版RM2019裁判系统支撑架AH02.SLDPRT","默认","2","-1;1.3877787807814449E-16;2.0373197039163951E-17;1.3932210795663769E-16;0.96592582628907575;0.25881904510249348;1.623936070133103E-17;0.25881904510249348;-0.96592582628907575;0.04750000166136055;-0.0070000000000068202;-0.38799999999999779;1;0;0;0"
"120mm弧形轮-2","E:\2025赛季\串联腿\120mm弧形轮.SLDPRT","默认","0","0.98487329848733896;0.17327603967851202;9.4645068189884549E-16;-0.17327603967851196;0.98487329848733873;8.324884959015663E-17;-9.177089739725324E-16;-2.4598679500159297E-16;1;-1.5337115527854962E-15;-0.17020547273617467;-0.33595000000000036;1;0;0;0"
