mate_name,mate_type,alignment,entity_index,component,entity_params,error_code,suppressed
"同心1","1","0","0","大侧板-1","0;0.02;0.0080000000000000002;0;0;-1;0.035250000000000004;0","0","False"
"同心1","1","0","1","RA6008-1","-2.9679253980266856E-20;0.02;0.012500000000000001;0;0;-1;0.029999999999999999;0","0","False"
"重合2","0","1","0","RA6008-1","-2.9679253980266856E-20;0.02;0.0045000000000000005;0;0;-1;0;0","0","False"
"重合2","0","1","1","大侧板-1","0;0.02;0.0045000000000000005;0;0;1;0;0","0","False"
"同心2","1","1","0","小腿链轮20T M24-1","2.7779660247510907E-17;0.019999999999999997;0.0046999999999999958;-1.1197651493690891E-17;1.5781296156433164E-16;1;0.029999999999999999;0","0","False"
"同心2","1","1","1","RA6008-1","-2.9679253980266856E-20;0.02;0.012500000000000001;0;0;-1;0.029999999999999999;0","0","False"
"重合3","0","1","0","小腿链轮20T M24-1","2.769231856586012E-17;0.019999999999999997;0.012499999999999997;1.1197651493690891E-17;-1.5781296156433164E-16;-1;0;0","0","False"
"重合3","0","1","1","RA6008-1","-2.9679253980266856E-20;0.02;0.012500000000000001;0;0;1;0;0","0","False"
"同心3","1","1","0","小腿链轮20T M24-1","2.7479563187479993E-17;0.02;0.0315;-1.1197651493690891E-17;1.5781296156433164E-16;1;0.020250000000000001;0","0","False"
"同心3","1","1","1","碗组轴承40.5-49.5-6.5-1","1.3718328316951748E-15;0.020000000000000791;0.038000000000000006;0;0;-1;0.020250000000000001;0","0","False"
"重合4","0","1","0","小腿链轮20T M24-1","2.7479563187479993E-17;0.02;0.0315;-1.1197651493690891E-17;1.5781296156433164E-16;1;0;0","0","False"
"重合4","0","1","1","碗组轴承40.5-49.5-6.5-1","1.3718328316951748E-15;0.020000000000000791;0.0315;0;0;-1;0;0","0","False"
"同心5","1","0","0","大腿链轮20T-1","1.3716312675976217E-15;0.020000000000000805;0.03800000000000002;3.4260623908872518E-16;7.5551345286000234E-17;-1;0.024750000000000005;0","0","False"
"同心5","1","0","1","碗组轴承40.5-49.5-6.5-1","1.3718328316951748E-15;0.020000000000000791;0.038000000000000006;0;0;-1;0.024750000000000001;0","0","False"
"重合5","0","1","0","大腿链轮20T-1","1.3716312675976217E-15;0.020000000000000805;0.03800000000000002;3.4260623908872518E-16;7.5551345286000234E-17;-1;0;0","0","False"
"重合5","0","1","1","碗组轴承40.5-49.5-6.5-1","1.3718328316951748E-15;0.020000000000000791;0.038000000000000006;0;0;1;0;0","0","False"
"同心6","1","1","0","大腿链轮20T-1","1.3742008143907872E-15;0.020000000000000805;0.030500000000000024;-3.4260623908872518E-16;-7.5551345286000234E-17;1;0.028000000000000001;0","0","False"
"同心6","1","1","1","大腿-1","1.9819014699225757E-17;0.020000000000000032;0.049000000000000009;-9.4390396132005863E-16;-1.3175316874388402E-15;-1;0.028000000000000001;0","0","False"
"重合6","0","1","0","大腿链轮20T-1","1.3730016925539765E-15;0.020000000000000805;0.034000000000000023;-3.4260623908872518E-16;-7.5551345286000234E-17;1;0;0","0","False"
"重合6","0","1","1","大腿-1","5.6604552794248807E-18;0.020000000000000011;0.034000000000000009;-9.4390396132005863E-16;-1.3175316874388402E-15;-1;0;0","0","False"
"同心7","1","0","0","小腿链轮20T M24-1","2.7479563187479993E-17;0.02;0.0315;-1.1197651493690891E-17;1.5781296156433164E-16;1;0.020250000000000001;0","0","False"
"同心7","1","0","1","碗组轴承40.5-49.5-6.5-2","-3.5027913902289493E-19;0.020000000000000011;0.045000000000000054;8.0643981752842103E-17;5.925693139085825E-17;1;0.020250000000000001;0","0","False"
"同心8","1","1","0","髋关节轴承座-1","-1.4866918463621016E-19;0.020000000000000011;0.047500000000000049;1.0410361960000581E-17;9.9531201513271017E-17;-1;0.028000000000000004;0","0","False"
"同心8","1","1","1","碗组轴承40.5-49.5-6.5-2","-3.5027913902289493E-19;0.020000000000000011;0.045000000000000054;8.0643981752842103E-17;5.925693139085825E-17;1;0.024750000000000001;0","0","False"
"重合7","0","1","0","髋关节轴承座-1","-1.226432797362087E-19;0.020000000000000011;0.045000000000000054;-1.0410361960000581E-17;-9.9531201513271017E-17;1;0;0","0","False"
"重合7","0","1","1","碗组轴承40.5-49.5-6.5-2","-3.5027913902289493E-19;0.020000000000000011;0.045000000000000054;-8.0643981752842103E-17;-5.925693139085825E-17;-1;0;0","0","False"
"重合8","0","1","0","髋关节轴承座-1","-1.6428472757621101E-19;0.020000000000000011;0.04900000000000005;1.0410361960000581E-17;9.9531201513271017E-17;-1;0;0","0","False"
"重合8","0","1","1","大腿-1","1.9819014699225757E-17;0.020000000000000032;0.049000000000000009;9.4390396132005863E-16;1.3175316874388402E-15;1;0;0","0","False"
"重合9","0","1","0","小腿链轮20T M24-1","1.2310936417065855E-17;0.01999999999999999;0.07149999999999998;9.4871048776492498E-18;-4.847759834623887E-18;1;0;0","0","False"
"重合9","0","1","1","垫片15-18-1-1","9.486588097516683E-18;0.019999999999999997;0.071499999999999994;0;0;-1;0;0","0","False"
"同心9","1","0","0","小腿链轮20T M24-1","3.8630453674888352E-19;0.020000000000000018;0.071499999999999994;1.1197651493531753E-17;-1.578129615642743E-16;-1;0.012000000000000002;0","0","False"
"同心9","1","0","1","垫片15-18-1-1","9.486588097516683E-18;0.019999999999999997;0.072499999999999995;0;0;-1;0.0074999999999999997;0","0","False"
"同心10","1","0","0","小腿链轮20T M24-1","2.7031657127732356E-17;0.020000000000000007;0.071499999999999994;1.1197651493690891E-17;-1.5781296156433164E-16;-1;0.012000000000000002;0","0","False"
"同心10","1","0","1","6802轴承 15-24-5-1","-8.01030721458406E-19;0.020000000000000007;0.077499999999999999;0;0;-1;0.0075000000000000006;0","0","False"
"重合10","0","1","0","垫片15-18-1-1","9.486588097516683E-18;0.019999999999999997;0.072499999999999995;0;0;1;0;0","0","False"
"重合10","0","1","1","6802轴承 15-24-5-1","9.4865892736246734E-18;0.019999999999999997;0.072499999999999995;0;0;-1;0;0","0","False"
"同心11","1","1","0","小腿链轮20T M24-1","2.7031657127732356E-17;0.020000000000000007;0.071499999999999994;1.1197651493690891E-17;-1.5781296156433164E-16;-1;0.012000000000000002;0","0","False"
"同心11","1","1","1","髋关节锁盖M24-1","-7.3995838378997278E-19;0.020000000000000007;0.072000000000000008;1.5702635363779324E-16;-1.2523187609627837E-17;1;0.012000000000000002;0","0","False"
"重合11","0","1","0","髋关节锁盖M24-1","1.2368656121789041E-19;0.020000000000000007;0.077500000000000013;-1.5702635363779324E-16;1.2523187609627837E-17;-1;0;0","0","False"
"重合11","0","1","1","6802轴承 15-24-5-1","-8.01030721458406E-19;0.020000000000000007;0.077499999999999999;0;0;1;0;0","0","False"
"同心12","1","1","0","小腿链轮20T M24-1","2.8104295594997561E-17;0.01999999999999999;-0.024291378028648461;-1.1197651493690891E-17;1.5781296156433164E-16;1;0.0077499999999999999;0","0","False"
"同心12","1","1","1","装甲板侧挂轴-1","-7.0055827802717247E-19;0.020000000000000011;0.077499999999997071;0;0;-1;0.0074999999999999997;0","0","False"
"重合12","0","1","0","6802轴承 15-24-5-1","-8.01030721458406E-19;0.020000000000000007;0.077499999999999999;0;0;1;0;0","0","False"
"重合12","0","1","1","装甲板侧挂轴-1","-7.0055827802717247E-19;0.020000000000000011;0.077499999999997071;0;0;-1;0;0","0","False"
"同心13","1","1","0","MT2042-6线5A-1","-7.0055827802651265E-19;0.020000000000000011;0.079499;-7.9852386119016914E-17;2.3170231247564824E-17;1;0.01;0","0","False"
"同心13","1","1","1","装甲板侧挂轴-1","-7.0055827802717247E-19;0.020000000000000011;0.081499999999997075;0;0;-1;0.01;0","0","False"
"宽度1","11","0","0","MT2042-6线5A-1","0.0014188833256466599;0.043542233753580004;0.077499999999999999;-0.99969484918727869;-0.024702398839467229;-7.9255658805014898E-17;0;0","0","False"
"宽度1","11","0","1","MT2042-6线5A-1","-0.002579896071102455;0.043443424158222103;0.077499999999999999;0.99969484918727869;0.024702398839468242;7.9255658805014874E-17;0;0","0","False"
"宽度1","11","0","2","髋关节锁盖M24-1","-0.0049984742459363964;0.019876488005802672;0.074500000000000011;-0.9996948491872788;-0.024702398839467059;1.5666908414328745E-16;0;0","0","False"
"宽度1","11","0","3","髋关节锁盖M24-1","0.0049984742459363964;0.020123511994197343;0.074500000000000011;0.9996948491872788;0.024702398839467059;-1.5666908414328745E-16;0;0","0","False"
"重合13","0","1","0","髋关节锁盖M24-1","1.2368656121789041E-19;0.020000000000000007;0.077500000000000013;1.5702635363779324E-16;-1.2523187609627837E-17;1;0;0","0","False"
"重合13","0","1","1","MT2042-6线5A-1","-0.00058050637272789949;0.04349282895590105;0.077499999999999999;7.9852386119016914E-17;-2.3170231247564824E-17;-1;0;0","0","False"
"重合14","0","1","0","装甲板侧挂轴-1","5.7597912187142048E-18;-0.0070000000000006793;-0.011000000000002931;-2.3927220358300785E-16;1;0;0;0","0","False"
"重合14","0","1","1","装甲模块-1/二版RM2019裁判系统支撑架AH02-1","-0.039999999999999994;-0.0070000000000006923;0.075805279058018593;-1.4296425547291209E-16;-1;-5.5511151231257815E-17;0;0","0","False"
"同心14","1","1","0","装甲板侧挂轴-1","-0.047499999999999994;-0.012000000000000691;0.091999999999997056;-2.3129646346357439E-16;1;0;0.0020999999999999986;0","0","False"
"同心14","1","1","1","装甲模块-1/二版RM2019裁判系统支撑架AH02-1","-0.047499999999999994;-0.0070000000000066736;0.09199999999999707;-1.4296425547291211E-16;-1;-2.7755575615628907E-17;0.0016500000000000041;0","0","False"
"同心15","1","1","0","装甲板侧挂轴-1","-0.047499999999999994;-0.012000000000000691;0.11699999999999708;-2.3129646346357439E-16;1;0;0.0020999999999999947;0","0","False"
"同心15","1","1","1","装甲模块-1/二版RM2019裁判系统支撑架AH02-1","-0.047499999999999994;-0.0070000000000055469;0.11699999999999998;-1.4296425547291211E-16;-1;-2.7755575615628907E-17;0.0016500000000000009;0","0","False"
"同心16","1","0","0","小腿链轮20T M24-1","2.7031657127732356E-17;0.020000000000000007;0.071499999999999994;1.1197651493690891E-17;-1.5781296156433164E-16;-1;0.012000000000000002;0","0","False"
"同心16","1","0","1","小腿主动连杆-1","2.7468733459258851E-17;0.020000000000000007;0.0625;-1.9374845604814924E-17;-2.4269376398887962E-16;-1;0.0121;0","0","False"
"同心17","1","1","0","小腿链轮20T M24-1","-0.0036719564680958747;0.0039137718623541602;0.043499999999999997;-1.1197651493690891E-17;1.5781296156433164E-16;1;0.0016500000000013314;0","0","False"
"同心17","1","1","1","小腿主动连杆-1","-0.0036719564680959922;0.0039137718623535704;0.062500000000000014;-1.9374845604814924E-17;-2.4269376398887962E-16;-1;0.0020500000000014491;0","0","False"
"重合16","0","1","0","小腿链轮20T M24-1","2.7255610157606175E-17;0.020000000000000004;0.051499999999999997;-1.1197651493690891E-17;1.5781296156433164E-16;1;0;0","0","False"
"重合16","0","1","1","小腿主动连杆-1","2.7255610157605885E-17;0.020000000000000004;0.051500000000000004;-1.9374845604814924E-17;-2.4269376398887962E-16;-1;0;0","0","False"
"平行2","3","0","0","装甲模块-1/二版RM2019裁判系统支撑架AH02-1","-0.0053178878641299623;0.082999999999996368;0.11188457268119864;1.4296425547291209E-16;1;5.5511151231257815E-17;0;0","0","False"
"平行2","3","0","1","串联腿装配方案2","0;0;0;0;1;0;0;0","0","False"
"同心18","1","1","0","大侧板-1","-0.099612047464149631;-1.3877787807814457E-17;0.0080000000000000002;0;0;-1;0.030249999999999996;0","0","False"
"同心18","1","1","1","MG8016-i6-1","-0.099612047464149645;-4.25477161434917E-15;-0.039500000000000007;-7.0536255196168869E-17;-4.5075949819643519E-17;1;0.049500000000000002;0","0","False"
"同心19","1","1","0","大侧板-1","-0.099612047464149631;0.04200000000000001;0.0080000000000000002;0;0;-1;0.0021000000000000051;0","0","False"
"同心19","1","1","1","MG8016-i6-1","-0.099612047464151421;0.04199999999999577;-2.6020852139652106E-18;-7.0536255196168733E-17;-4.5075949819643409E-17;1;0.00165;0","0","False"
"重合19","0","1","0","大侧板-1","0;0;0;0;0;-1;0;0","0","False"
"重合19","0","1","1","MG8016-i6-1","-0.099612047464149645;-4.255794663574027E-15;-8.6736173798840355E-19;-4.4142797546706583E-17;-2.5899980376199017E-17;1;0;0","0","False"
"同心20","1","0","0","大腿-1","-0.20473381266095092;-0.026733991412147169;0.034000000000000266;9.4390396132005863E-16;1.3175316874388402E-15;1;0.02399999999999998;0","0","False"
"同心20","1","0","1","膝关节轴承座-1","-0.20473381266095092;-0.026733991412147155;0.039000000000000236;-2.3082637217248521E-17;1.2348397448943111E-16;1;0.024;0","0","False"
"重合20","0","1","0","大腿-1","5.6604552794248807E-18;0.020000000000000011;0.034000000000000009;-9.4390396132005863E-16;-1.3175316874388402E-15;-1;0;0","0","False"
"重合20","0","1","1","膝关节轴承座-1","-0.21011749104839697;-0.003345618082209352;0.034000000000000238;-2.3082637217248521E-17;1.2348397448943111E-16;1;0;0","0","False"
"同心21","1","1","0","膝关节轴承座-1","-0.20473381266095092;-0.026733991412147155;0.039000000000000236;-2.3082637217248521E-17;1.2348397448943111E-16;1;0.020900000000000002;0","0","False"
"同心21","1","1","1","碗组轴承32.7-41.8-6-1","-0.20473381266095092;-0.026733991412147155;0.03710000000000007;0;0;-1;0.020899999999999995;0","0","False"
"重合21","0","0","0","膝关节轴承座-1","-0.20473381266095092;-0.026733991412147155;0.03550000000000024;-2.3082637217248521E-17;1.2348397448943111E-16;1;0.78539816339745039;0","0","False"
"重合21","0","0","1","碗组轴承32.7-41.8-6-1","-0.20473381266095092;-0.026733991412147155;0.03710000000000007;0;0;1;0.78539816339744617;0","0","False"
"同心22","1","1","0","大腿-1","-0.20473381266095092;-0.026733991412147169;0.034000000000000266;9.4390396132005863E-16;1.3175316874388402E-15;1;0.02399999999999998;0","0","False"
"同心22","1","1","1","膝关节轴承座-2","-0.20473381266095092;-0.026733991412147166;0.04000000000000023;2.8971701387633198E-17;8.729237518840937E-17;-1;0.024;0","0","False"
"重合22","0","1","0","大腿-1","-0.20473381266095098;-0.026733991412147162;0.045000000000000262;9.4390396132005863E-16;1.3175316874388402E-15;1;0;0","0","False"
"重合22","0","1","1","膝关节轴承座-2","-0.19829406463573607;-0.0036140942373814097;0.045000000000000227;2.8971701387633198E-17;8.729237518840937E-17;-1;0;0","0","False"
"同心23","1","1","0","膝关节轴承座-2","-0.20473381266095092;-0.026733991412147166;0.04000000000000023;2.8971701387633198E-17;8.729237518840937E-17;-1;0.020900000000000002;0","0","False"
"同心23","1","1","1","碗组轴承32.7-41.8-6-2","-0.20473381266095089;-0.026733991412147166;0.041900000000000395;-3.2992170768375023E-19;-9.6384638856039216E-17;1;0.020899999999999995;0","0","False"
"重合23","0","0","0","膝关节轴承座-2","-0.20473381266095092;-0.026733991412147166;0.043500000000000226;2.8971701387633198E-17;8.729237518840937E-17;-1;0.78539816339745039;0","0","False"
"重合23","0","0","1","碗组轴承32.7-41.8-6-2","-0.20473381266095089;-0.026733991412147166;0.041900000000000395;3.2992170768375023E-19;9.6384638856039216E-17;-1;0.78539816339744617;0","0","False"
"重合24","0","1","0","小腿-1","-0.20473381266095089;-0.026733991412147166;0.064900000000000374;8.9793101108872838E-22;-9.4689595978045292E-22;1;0;0","0","False"
"重合24","0","1","1","膝关节螺母M27-1","-0.20467874289809895;-0.010384084154880551;0.064900000000000374;-2.7755575615629012E-17;1.1102230246251615E-16;-1;0;0","0","False"
"同心25","1","0","0","碗组轴承32.7-41.8-6-2","-0.20473381266095089;-0.026733991412147166;0.041900000000000395;-3.2992170768375023E-19;-9.6384638856039216E-17;1;0.01635;0","0","False"
"同心25","1","0","1","膝关节螺母M27-1","-0.20473381266095089;-0.026733991412147166;0.03240000000000038;2.7755575615629012E-17;-1.1102230246251615E-16;1;0.016350000000000003;0","0","False"
"距离1","5","1","0","碗组轴承32.7-41.8-6-2","-0.20473381266095089;-0.026733991412147166;0.047900000000000394;-3.2992170768375023E-19;-9.6384638856039216E-17;1;0;0","0","False"
"距离1","5","1","1","小腿-1","-0.20473381266095089;-0.026733991412147166;0.049900000000000375;-8.9793101108872838E-22;9.4689595978045292E-22;-1;0;0","0","False"
"同心26","1","0","0","膝关节螺母M27-1","-0.20473381266095089;-0.026733991412147169;0.068900000000000378;-2.7755575615629012E-17;1.1102230246251615E-16;-1;0.013000000000000001;0","0","False"
"同心26","1","0","1","膝关节锁盖M27-1","-0.20473381266095089;-0.026733991412147166;0.051700000000000065;0;0;-1;0.0135;0","0","False"
"重合27","0","1","0","碗组轴承32.7-41.8-6-1","-0.20473381266095092;-0.026733991412147155;0.031100000000000069;0;0;-1;0;0","0","False"
"重合27","0","1","1","膝关节锁盖M27-1","-0.20473381266095089;-0.026733991412147166;0.031100000000000069;0;0;1;0;0","0","False"
"重合28","0","1","0","碗组轴承32.7-41.8-6-2","-0.20473381266095089;-0.026733991412147166;0.047900000000000394;-3.2992170768375023E-19;-9.6384638856039216E-17;1;0;0","0","False"
"重合28","0","1","1","膝关节垫板-1","-0.20473381266095089;-0.026733991412147169;0.047900000000000394;0;0;-1;0;0","0","False"
"同心27","1","1","0","膝关节螺母M27-1","-0.20473381266095089;-0.026733991412147166;0.03240000000000038;2.7755575615629012E-17;-1.1102230246251615E-16;1;0.016350000000000003;0","0","False"
"同心27","1","1","1","膝关节垫板-1","-0.20473381266095089;-0.026733991412147169;0.049900000000000395;0;0;-1;0.019;0","0","False"
"同心28","1","1","0","小腿-1","-0.20473381266095089;-0.026733991412147166;0.064900000000000374;-8.9793101108872838E-22;9.4689595978045292E-22;-1;0.01635;0","0","False"
"同心28","1","1","1","膝关节螺母M27-1","-0.20473381266095089;-0.026733991412147166;0.03240000000000038;2.7755575615629012E-17;-1.1102230246251615E-16;1;0.016350000000000003;0","0","False"
"平衡姿态","0","2","0","小腿-1","0;-0.17020547273617426;0.15485325166489503;-8.9793101108872838E-22;9.4689595978045292E-22;-1;0;0","0","False"
"平衡姿态","0","2","1","串联腿装配方案2","0;0;0;1;0;0;0;0","0","False"
"同心29","1","1","0","小腿-1","0;-0.17020547273617426;0.064900000000000374;-8.9793101108872838E-22;9.4689595978045292E-22;-1;0.02250000000000001;0","0","False"
"同心29","1","1","1","串联腿装配方案2","-2.1490728982325795E-19;-0.17020547273617426;0.064900000000000374;-2.9457183693838968E-17;1.7436303909824775E-17;1;0.031;0","0","False"
"重合30","0","1","0","小腿-1","-0.20473381266095089;-0.026733991412147166;0.064900000000000374;8.9793101108872838E-22;-9.4689595978045292E-22;1;0;0","0","False"
"重合30","0","1","1","串联腿装配方案2","-2.1490728982325795E-19;-0.17020547273617426;0.064900000000000374;2.9457183693838968E-17;-1.7436303909824775E-17;-1;0;0","0","False"
"同心30","1","0","0","小腿-1","-0.0059622339638464306;-0.19705136192167863;0.064900000000000374;-8.9793101108872838E-22;9.4689595978045292E-22;-1;0.0020500000000000106;0","0","False"
"同心30","1","0","1","串联腿装配方案2","-0.0059622339638463143;-0.19705136192167821;0.064900000000000374;2.9457183693838968E-17;-1.7436303909824775E-17;-1;0.00165;0","0","False"
"同心31","1","1","0","串联腿装配方案2","2.0574242373522012E-18;-0.17020547273617423;0.19958708498984787;-1.4061575474094587E-16;-1.5150961087320639E-15;-1;0.032500000000000001;0","0","False"
"同心31","1","1","1","120mm弧形轮-1","-2.1437501401280512E-17;-0.1702054727361744;0.07145000000000036;9.1770897397241585E-16;1.6272006815470603E-16;1;0.032500000000000001;0","0","False"
"重合31","0","1","0","串联腿装配方案2","-1.9681515463349956E-17;-0.1702054727361744;0.080950000000000355;1.8323899059524923E-16;1.5225951296908632E-15;1;0;0","0","False"
"重合31","0","1","1","120mm弧形轮-1","-1.5364646797074135E-15;-0.17020547273617467;0.080950000000000355;-9.1770897397241585E-16;-1.6272006815470603E-16;-1;0;0","0","False"
"同心32","1","0","0","串联腿装配方案2","-0.0063245754482672088;-0.13425759734138681;0.080950000000000299;2.3778820484507101E-16;1.5321923761867376E-15;1;0.00165;0","0","False"
"同心32","1","0","1","120mm弧形轮-1","-0.0063245754482672287;-0.13425759734138681;0.07145000000000036;9.1770897397241585E-16;1.6272006815470603E-16;1;0.0020999999999999994;0","0","False"
"同心33","1","0","0","小腿主动连杆-1","0.092130215697428505;-0.0010302961354669883;0.062500000000000014;-1.9374845604814924E-17;-2.4269376398887962E-16;-1;0.012500000000000002;0","0","False"
"同心33","1","0","1","膝关节一级长连杆-1","0.092130215697428505;-0.0010302961354669913;0.050499999999999996;1.0500735297373581E-17;-4.9746110708877625E-18;-1;0.0089999999999999993;0","0","False"
"重合32","0","1","0","小腿主动连杆-1","1.5997971945759367E-14;0.020000000000000032;0.065000000000000002;1.1548703544906865E-15;6.5219547414946078E-16;1;0;0","0","True"
"重合32","0","1","1","膝关节一级长连杆-1","0.092692688654766806;0.0016066460385325213;0.042999999999999899;-3.621838900787451E-22;6.0506054078397016E-22;-1;0;0","0","True"
"同心34","1","1","0","大腿-1","-0.092130215697427922;-0.0010302961354662181;0.034000000000000127;9.4390396132005863E-16;1.3175316874388402E-15;1;0.0040000000000000062;0","0","False"
"同心34","1","1","1","膝关节节点连杆-1","-0.092130215697427867;-0.0010302961354661862;0.0625;-9.4418487957000474E-16;-1.3165968930616527E-15;-1;0.016;0","0","False"
"同心35","1","0","0","膝关节一级长连杆-1","5.5511151231257827E-17;-0.065592462731278417;0.050499999999999996;1.0500735297373581E-17;-4.9746110708877625E-18;-1;0.0089999999999999959;0","0","False"
"同心35","1","0","1","膝关节节点连杆-1","6.9388939039072284E-17;-0.065592462731278417;0.0625;-9.4418487957000474E-16;-1.3165968930616527E-15;-1;0.012500000000000002;0","0","False"
"重合33","0","1","0","膝关节一级长连杆-1","0.092692688654766806;0.0016066460385325213;0.042999999999999899;-3.621838900787451E-22;6.0506054078397016E-22;-1;0;0","0","True"
"重合33","0","1","1","膝关节节点连杆-1","-0.092692688654766764;0.0016066460385007631;0.064999999999999905;1.0114262234143665E-22;-2.0403118648998027E-23;1;0;0","0","True"
"同心36","1","0","0","膝关节节点连杆-1","-0.13389259229313683;0.048778376814916501;0.062499999999999979;-9.4418487957000474E-16;-1.3165968930616527E-15;-1;0.012499999999999995;0","0","False"
"同心36","1","0","1","膝关节二级长连杆-1","-0.13389259229313688;0.048778376814916501;0.074500000000000011;3.0867466700753498E-16;-1.9711932361444538E-16;-1;0.0089999999999999959;0","0","False"
"同心38","1","1","0","小腿-1","-0.24649618925665986;0.023074681538235501;0.061900000000000371;8.9793101108872838E-22;-9.4689595978045292E-22;1;0.014499999999999999;0","0","False"
"同心38","1","1","1","膝关节二级长连杆-1","-0.24649618925665986;0.023074681538235501;0.074499999999999969;3.0867466700753498E-16;-1.9711932361444538E-16;-1;0.0089999999999999993;0","0","False"
"同心39","1","0","0","小腿主动连杆-1","0.092130215697428505;-0.0010302961354669883;0.062500000000000014;-1.9374845604814924E-17;-2.4269376398887962E-16;-1;0.0094999999999999946;0","0","False"
"同心39","1","0","1","法兰轴承F698 8-19-6-1","0.092130215697428505;-0.0010302961354669913;0.050999999999999997;-1.124100812432971E-15;-6.106226635438361E-16;-1;0.0094999999999999998;0","0","False"
"重合35","0","1","0","小腿主动连杆-1","2.7274985003210701E-17;0.020000000000000004;0.052500000000000005;-1.9374845604814924E-17;-2.4269376398887962E-16;-1;0;0","0","False"
"重合35","0","1","1","法兰轴承F698 8-19-6-1","0.081130837826819596;-0.0011472852783772922;0.052500000000000012;1.124100812432971E-15;6.106226635438361E-16;1;0;0","0","False"
"同心40","1","1","0","小腿主动连杆-1","0.092130215697428505;-0.0010302961354669883;0.062500000000000014;-1.9374845604814924E-17;-2.4269376398887962E-16;-1;0.0094999999999999946;0","0","False"
"同心40","1","1","1","法兰轴承F698 8-19-6-2","0.092130215697428505;-0.0010302961354669881;0.063999999999999987;1.1408256170817766E-15;6.6753670172185981E-16;1;0.0094999999999999998;0","0","False"
"重合36","0","1","0","小腿主动连杆-1","2.7468733459258851E-17;0.020000000000000007;0.0625;1.9374845604814924E-17;2.4269376398887962E-16;1;0;0","0","False"
"重合36","0","1","1","法兰轴承F698 8-19-6-2","0.082263094971580714;-0.0058923871035120156;0.0625;-1.1408256170817766E-15;-6.6753670172185981E-16;-1;0;0","0","False"
"重合37","0","1","0","法兰轴承F698 8-19-6-1","0.092130215697428505;-0.0010302961354669913;0.050999999999999997;-1.124100812432971E-15;-6.106226635438361E-16;-1;0;0","0","False"
"重合37","0","1","1","垫片 8-12-0.5-1","0.092130215697428491;-0.0010302961354669968;0.050999999999999997;0;0;1;0;0","0","False"
"同心41","1","1","0","垫片 8-12-0.5-1","0.092130215697428491;-0.0010302961354669968;0.050999999999999997;0;0;-1;0.0040000000000000001;0","0","False"
"同心41","1","1","1","法兰轴承F698 8-19-6-2","0.092130215697428505;-0.001030296135466992;0.057999999999999989;1.1408256170817766E-15;6.6753670172185981E-16;1;0.0040000000000000001;0","0","False"
"重合39","0","1","0","膝关节一级长连杆-1","0.092130215697428505;-0.0010302961354669913;0.050499999999999996;-1.0500735297373581E-17;4.9746110708877625E-18;1;0;0","0","False"
"重合39","0","1","1","垫片 8-12-0.5-1","0.092130215697428491;-0.0010302961354669968;0.050499999999999996;0;0;-1;0;0","0","False"
"同心42","1","1","0","膝关节节点连杆-1","6.9388939039072284E-17;-0.065592462731278417;0.0625;-9.4418487957000474E-16;-1.3165968930616527E-15;-1;0.0094999999999999946;0","0","False"
"同心42","1","1","1","法兰轴承F698 8-19-6-3","4.1956276967639468E-17;-0.065592462731278403;0.064000000000000001;1.1408256170817685E-15;6.675367017218468E-16;1;0.0094999999999999998;0","0","False"
"重合40","0","1","0","膝关节节点连杆-1","-0.092130215697427867;-0.0010302961354661862;0.0625;9.4418487957000474E-16;1.3165968930616527E-15;1;0;0","0","False"
"重合40","0","1","1","法兰轴承F698 8-19-6-3","0.0059572498914589626;-0.074839687922151205;0.0625;-1.1408256170817685E-15;-6.675367017218468E-16;-1;0;0","0","False"
"同心43","1","0","0","膝关节节点连杆-1","6.9388939039072284E-17;-0.065592462731278417;0.0625;-9.4418487957000474E-16;-1.3165968930616527E-15;-1;0.0094999999999999946;0","0","False"
"同心43","1","0","1","法兰轴承F698 8-19-6-4","2.9681873533229396E-17;-0.065592462731278417;0.050999999999999997;-3.6699235199394774E-17;4.6677113868790942E-18;-1;0.0094999999999999998;0","0","False"
"重合41","0","1","0","膝关节节点连杆-1","-0.092130215697427881;-0.0010302961354661994;0.052500000000000005;-9.4418487957000474E-16;-1.3165968930616527E-15;-1;0;0","0","False"
"重合41","0","1","1","法兰轴承F698 8-19-6-4","0.0097517829626554229;-0.070681935105627647;0.052499999999999998;3.6699235199394774E-17;-4.6677113868790942E-18;1;0;0","0","False"
"重合42","0","1","0","垫片 8-12-0.5-2","2.9681873533229396E-17;-0.065592462731278417;0.050999999999999997;0;0;1;0;0","0","False"
"重合42","0","1","1","法兰轴承F698 8-19-6-4","2.9681873533229396E-17;-0.065592462731278417;0.050999999999999997;-3.6699235199394774E-17;4.6677113868790942E-18;-1;0;0","0","False"
"同心44","1","0","0","垫片 8-12-0.5-2","2.9681873533229396E-17;-0.065592462731278417;0.050999999999999997;0;0;-1;0.0040000000000000001;0","0","False"
"同心44","1","0","1","法兰轴承F698 8-19-6-4","2.9902068944425765E-17;-0.065592462731278417;0.056999999999999995;-3.6699235199394774E-17;4.6677113868790942E-18;-1;0.0040000000000000001;0","0","False"
"重合43","0","1","0","膝关节一级长连杆-1","0.092130215697428505;-0.0010302961354669913;0.050499999999999996;-1.0500735297373581E-17;4.9746110708877625E-18;1;0;0","0","False"
"重合43","0","1","1","垫片 8-12-0.5-2","2.9681873533229396E-17;-0.065592462731278417;0.050499999999999996;0;0;-1;0;0","0","False"
"同心45","1","0","0","大腿-1","-0.092130215697427922;-0.0010302961354662181;0.034000000000000127;9.4390396132005863E-16;1.3175316874388402E-15;1;0.0040000000000000062;0","0","False"
"同心45","1","0","1","法兰轴承F698 8-19-6-5","-0.092130215697427881;-0.0010302961354661775;0.064000000000000001;1.1408256170817752E-15;6.6753670172185774E-16;1;0.0094999999999999998;0","0","False"
"重合44","0","1","0","膝关节节点连杆-1","-0.092130215697427867;-0.0010302961354661862;0.0625;9.4418487957000474E-16;1.3165968930616527E-15;1;0;0","0","False"
"重合44","0","1","1","法兰轴承F698 8-19-6-5","-0.10022559366704106;-0.0084777692323696856;0.062500000000000014;-1.1408256170817752E-15;-6.6753670172185774E-16;-1;0;0","0","False"
"重合47","0","1","0","垫片 8-12-2-1","-0.092130215697427895;-0.0010302961354661862;0.051000000000000018;0;0;1;0;0","0","False"
"重合47","0","1","1","法兰轴承F698 8-19-6-6","-0.092130215697427895;-0.0010302961354661947;0.051000000000000018;5.2041704279304213E-18;0;-1;0;0","0","False"
"同心48","1","1","0","法兰轴承F698 8-19-6-5","-0.092130215697427881;-0.0010302961354661814;0.058000000000000003;1.1408256170817752E-15;6.6753670172185774E-16;1;0.0040000000000000001;0","0","False"
"同心48","1","1","1","垫片 8-12-2-1","-0.092130215697427895;-0.0010302961354661862;0.051000000000000018;0;0;-1;0.0040000000000000001;0","0","False"
"同心49","1","1","0","大腿-1","-0.092130215697427922;-0.0010302961354662181;0.034000000000000127;9.4390396132005863E-16;1.3175316874388402E-15;1;0.0040000000000000062;0","0","False"
"同心49","1","1","1","法兰轴承F698 8-19-6-6","-0.092130215697427895;-0.0010302961354661947;0.051000000000000018;5.2041704279304213E-18;0;-1;0.0094999999999999998;0","0","False"
"重合48","0","1","0","膝关节节点连杆-1","-0.092130215697427881;-0.0010302961354661994;0.052500000000000005;-9.4418487957000474E-16;-1.3165968930616527E-15;-1;0;0","0","False"
"重合48","0","1","1","法兰轴承F698 8-19-6-6","-0.09095059207916549;-0.011966862695371432;0.052500000000000019;-5.2041704279304213E-18;0;1;0;0","0","False"
"同心50","1","0","0","膝关节节点连杆-1","-0.13389259229313683;0.048778376814916501;0.062499999999999979;-9.4418487957000474E-16;-1.3165968930616527E-15;-1;0.0095000000000000015;0","0","False"
"同心50","1","0","1","法兰轴承F698 8-19-6-8","-0.13389259229313683;0.04877837681491648;0.050999999999999962;-2.4061402919670039E-17;-1.2948102237673886E-16;-1;0.0094999999999999998;0","0","False"
"重合49","0","1","0","膝关节节点连杆-1","-0.092130215697427881;-0.0010302961354661994;0.052500000000000005;-9.4418487957000474E-16;-1.3165968930616527E-15;-1;0;0","0","False"
"重合49","0","1","1","法兰轴承F698 8-19-6-8","-0.1359385647005342;0.059586429225418965;0.052499999999999963;2.4061402919670039E-17;1.2948102237673886E-16;1;0;0","0","False"
"同心51","1","1","0","膝关节节点连杆-1","-0.13389259229313683;0.048778376814916501;0.062499999999999979;-9.4418487957000474E-16;-1.3165968930616527E-15;-1;0.0095000000000000015;0","0","False"
"同心51","1","1","1","法兰轴承F698 8-19-6-7","-0.13389259229313683;0.048778376814916494;0.063999999999999974;1.1408256170817689E-15;6.6753670172184709E-16;1;0.0094999999999999998;0","0","False"
"重合50","0","1","0","膝关节节点连杆-1","-0.092130215697427867;-0.0010302961354661862;0.0625;9.4418487957000474E-16;1.3165968930616527E-15;1;0;0","0","False"
"重合50","0","1","1","法兰轴承F698 8-19-6-7","-0.12468987644251897;0.042752597116588083;0.062499999999999965;-1.1408256170817689E-15;-6.6753670172184709E-16;-1;0;0","0","False"
"重合51","0","1","0","垫片 8-12-0.5-4","-0.13389259229313683;0.04877837681491648;0.063999999999999974;0;0;-1;0;0","0","False"
"重合51","0","1","1","法兰轴承F698 8-19-6-7","-0.13389259229313683;0.048778376814916494;0.063999999999999974;1.1408256170817689E-15;6.6753670172184709E-16;1;0;0","0","False"
"同心52","1","0","0","垫片 8-12-0.5-4","-0.13389259229313683;0.04877837681491648;0.064499999999999974;0;0;-1;0.0040000000000000001;0","0","False"
"同心52","1","0","1","法兰轴承F698 8-19-6-8","-0.13389259229313683;0.04877837681491648;0.056999999999999967;-2.4061402919670039E-17;-1.2948102237673886E-16;-1;0.0040000000000000001;0","0","False"
"重合52","0","1","0","垫片 8-12-0.5-4","-0.13389259229313683;0.04877837681491648;0.064499999999999974;0;0;1;0;0","0","False"
"重合52","0","1","1","膝关节二级长连杆-1","-0.24649618925665986;0.023074681538235498;0.064499999999999974;3.0867466700753498E-16;-1.9711932361444538E-16;-1;0;0","0","False"
"同心53","1","1","0","小腿-1","-0.24649618925665986;0.023074681538235501;0.061900000000000371;-8.9793101108872838E-22;9.4689595978045292E-22;-1;0.0095000000000000015;0","0","False"
"同心53","1","1","1","法兰轴承F698 8-19-6-9","-0.24649618925665986;0.023074681538235501;0.063400000000000373;1.1408256170817689E-15;6.6753670172184709E-16;1;0.0094999999999999998;0","0","False"
"重合53","0","1","0","小腿-1","-0.20473381266095089;-0.026733991412147166;0.061900000000000371;8.9793101108872838E-22;-9.4689595978045292E-22;1;0;0","0","False"
"重合53","0","1","1","法兰轴承F698 8-19-6-9","-0.23729347340604201;0.017048901839907087;0.061900000000000364;-1.1408256170817689E-15;-6.6753670172184709E-16;-1;0;0","0","False"
"重合54","0","1","0","法兰轴承F698 8-19-6-9","-0.24649618925665986;0.023074681538235501;0.063400000000000373;1.1408256170817689E-15;6.6753670172184709E-16;1;0;0","0","False"
"重合54","0","1","1","垫片 8-12-1-1","-0.24649618925665986;0.023074681538235501;0.063400000000000373;0;0;-1;0;0","0","False"
"同心54","1","1","0","法兰轴承F698 8-19-6-9","-0.24649618925665986;0.023074681538235498;0.057400000000000374;1.1408256170817689E-15;6.6753670172184709E-16;1;0.0040000000000000001;0","0","False"
"同心54","1","1","1","垫片 8-12-1-1","-0.24649618925665986;0.023074681538235501;0.064400000000000374;0;0;-1;0.0040000000000000001;0","0","False"
"同心55","1","0","0","小腿-1","-0.24649618925665986;0.023074681538235501;0.061900000000000371;-8.9793101108872838E-22;9.4689595978045292E-22;-1;0.0095000000000000015;0","0","False"
"同心55","1","0","1","法兰轴承F698 8-19-6-10","-0.24649618925665986;0.023074681538235501;0.048400000000000394;0;-2.0816681711721685E-17;-1;0.0094999999999999998;0","0","False"
"重合55","0","1","0","小腿-1","-0.20473381266095089;-0.026733991412147166;0.049900000000000375;-8.9793101108872838E-22;9.4689595978045292E-22;-1;0;0","0","False"
"重合55","0","1","1","法兰轴承F698 8-19-6-10","-0.24354704220763959;0.012477392654598561;0.049900000000000395;0;2.0816681711721685E-17;1;0;0","0","False"
"同心56","1","1","0","法兰轴承F698 8-19-6-2","0.092130215697428505;-0.001030296135466992;0.057999999999999989;1.1408256170817766E-15;6.6753670172185981E-16;1;0.0040000000000000001;0","0","False"
"同心56","1","1","1","塞打螺栓 M6-φ8-20-1","0.092130215697428477;-0.0010302961354670057;0.037500000000000006;-1.1657341758564148E-15;-6.6613381477509412E-16;-1;0.0039999999999999983;0","0","False"
"同心57","1","1","0","塞打螺栓 M6-φ8-20-1","0.092130215697428477;-0.0010302961354670057;0.037500000000000006;-1.1657341758564148E-15;-6.6613381477509412E-16;-1;0.0029999999999999966;0","0","False"
"同心57","1","1","1","防松螺母M6-1","0.092130215697428505;-0.0010302961354669881;0.063999999999999987;1.3257576705772812E-15;8.874385756376372E-16;1;0.0030000000000000005;0","0","False"
"重合57","0","1","0","膝关节一级长连杆-1","0.092564428860293022;0.00097169188372558165;0.040500000000000001;1.0500735297373698E-17;-4.9746110708877926E-18;-1;0;0","0","True"
"重合57","0","1","1","防松螺母M6-1","0.092564428860293008;0.00097169188372556929;0.040500000000000001;1.2212453270876722E-15;8.3266726846886741E-16;1;0;0","0","True"
"同心58","1","1","0","法兰轴承F698 8-19-6-3","3.5111323265148857E-17;-0.065592462731278403;0.058000000000000003;1.1408256170817685E-15;6.675367017218468E-16;1;0.0040000000000000001;0","0","False"
"同心58","1","1","1","塞打螺栓 M6-φ8-20-2","1.1724398114972597E-17;-0.065592462731278417;0.037499999999999999;-1.1325426831307235E-15;-6.8738131985788651E-16;-1;0.0039999999999999983;0","0","False"
"重合58","0","1","0","膝关节一级长连杆-1","5.5511151231257827E-17;-0.065592462731278417;0.042999999999999997;1.0500735297373581E-17;-4.9746110708877625E-18;-1;0;0","0","False"
"重合58","0","1","1","塞打螺栓 M6-φ8-20-2","-0.00026214087087747561;-0.059097750869785588;0.042999999999999997;1.1325426831307235E-15;6.8738131985788651E-16;1;0;0","0","False"
"同心59","1","1","0","塞打螺栓 M6-φ8-20-2","1.1724398114972597E-17;-0.065592462731278417;0.037499999999999999;-1.1325426831307235E-15;-6.8738131985788651E-16;-1;0.0029999999999999966;0","0","False"
"同心59","1","1","1","防松螺母M6-2","4.1736779217936773E-17;-0.065592462731278403;0.064000000000000001;1.3253624876418765E-15;7.7714841663639433E-16;1;0.0030000000000000005;0","0","False"
"重合59","0","0","0","膝关节一级长连杆-1","0.092153343248839309;-0.00092872017261721139;0.040499999999999994;1.0500735297373593E-17;-4.9746110708877687E-18;-1;0;0","0","True"
"重合59","0","0","1","防松螺母M6-2","5.3674155442068859E-17;-0.065457871166994419;0.040500000000000057;-1.2212453270876726E-15;-8.3266726846886849E-16;-1;0;0","0","True"
"同心61","1","0","0","法兰轴承F698 8-19-6-8","-0.13389259229313683;0.04877837681491648;0.056999999999999967;-2.4061402919670039E-17;-1.2948102237673886E-16;-1;0.0040000000000000001;0","0","False"
"同心61","1","0","1","塞打螺栓 M6-φ8-20-3","-0.13389259229313683;0.04877837681491648;0.045499999999999964;-6.8103076525820218E-18;-1.2619324253044827E-16;-1;0.0039999999999999983;0","0","False"
"重合60","0","1","0","法兰轴承F698 8-19-6-8","-0.13389259229313683;0.04877837681491648;0.050999999999999962;-2.4061402919670039E-17;-1.2948102237673886E-16;-1;0;0","0","False"
"重合60","0","1","1","塞打螺栓 M6-φ8-20-3","-0.1310594626695282;0.054628451732029196;0.050999999999999962;6.8103076525820218E-18;1.2619324253044827E-16;1;0;0","0","False"
"同心62","1","1","0","塞打螺栓 M6-φ8-20-3","-0.13389259229313683;0.04877837681491648;0.045499999999999964;-6.8103076525820218E-18;-1.2619324253044827E-16;-1;0.0029999999999999966;0","0","False"
"同心62","1","1","1","防松螺母M6-3","-0.13389259229313683;0.048778376814916487;0.074499999999999997;-3.479730899685042E-17;5.4350444260512812E-17;1;0.0030000000000000005;0","0","False"
"重合61","0","1","0","膝关节二级长连杆-1","-0.24649618925665986;0.023074681538235501;0.074499999999999969;-3.0867466700753498E-16;1.9711932361444538E-16;1;0;0","0","False"
"重合61","0","1","1","防松螺母M6-3","-0.13389259229313683;0.048778376814916487;0.074499999999999997;3.479730899685042E-17;-5.4350444260512812E-17;-1;0;0","0","False"
"同心63","1","0","0","法兰轴承F698 8-19-6-10","-0.24649618925665986;0.023074681538235501;0.054400000000000392;0;-2.0816681711721685E-17;-1;0.0040000000000000001;0","0","False"
"同心63","1","0","1","塞打螺栓 M6-φ8-20-4","-0.24649618925665986;0.023074681538235501;0.042900000000000396;1.7347234759768071E-16;3.4694469519536142E-18;-1;0.0039999999999999983;0","0","False"
"重合62","0","1","0","法兰轴承F698 8-19-6-10","-0.24649618925665986;0.023074681538235501;0.048400000000000394;0;-2.0816681711721685E-17;-1;0;0","0","False"
"重合62","0","1","1","塞打螺栓 M6-φ8-20-4","-0.24652416805606167;0.029574621321555347;0.048400000000000394;-1.7347234759768071E-16;-3.4694469519536142E-18;1;0;0","0","False"
"同心64","1","1","0","塞打螺栓 M6-φ8-20-4","-0.24649618925665986;0.023074681538235501;0.042900000000000396;1.7347234759768071E-16;3.4694469519536142E-18;-1;0.0029999999999999966;0","0","False"
"同心64","1","1","1","防松螺母M6-4","-0.24649618925665986;0.023074681538235501;0.074499999999999969;-3.479730899685042E-17;5.4350444260512812E-17;1;0.0030000000000000005;0","0","False"
"重合63","0","1","0","膝关节二级长连杆-1","-0.24649618925665986;0.023074681538235501;0.074499999999999969;-3.0867466700753498E-16;1.9711932361444538E-16;1;0;0","0","False"
"重合63","0","1","1","防松螺母M6-4","-0.24649618925665986;0.023074681538235501;0.074499999999999969;3.479730899685042E-17;-5.4350444260512812E-17;-1;0;0","0","False"
"重合65","0","1","0","法兰轴承F698 8-19-6-5","-0.092130215697427881;-0.0010302961354661775;0.064000000000000001;1.1408256170817752E-15;6.6753670172185774E-16;1;0;0","0","False"
"重合65","0","1","1","防松螺母M6-5","-0.092130215697427881;-0.0010302961354661775;0.064000000000000001;3.4797308996850309E-17;-5.4350444260512683E-17;-1;0;0","0","False"
"同心67","1","0","0","大侧板-1","0.099612047464149631;1.0520127208882557E-17;0.0080000000000000002;0;0;-1;0.030250000000000023;0","0","False"
"同心67","1","0","1","串联腿装配方案2","0.095000000000000001;2.0393075448366951E-17;-0.051999999999999998;-9.9529349412047897E-17;5.5329501360254424E-17;-1;0.035499999999999997;0","0","False"
"重合66","0","1","0","大侧板-1","0;0;0;0;0;-1;0;0","0","False"
"重合66","0","1","1","串联腿装配方案2","0.12037830439350136;-0.032201578627619937;-3.4694469519536142E-18;9.9529349412047897E-17;-5.5329501360254424E-17;1;0;0","0","False"
"相切1","4","1","0","大腿-1","1.5620731417354391E-17;0.020000000000000021;0.051500000000000302;-1.5956432753541584E-16;-1.2549531729330198E-15;-1;0.037999999999999999;0","0","True"
"相切1","4","1","1","膝关节一级长连杆-1","0.089454235571033019;0.032774573902963171;0.052999999999999971;-0.54457141937378073;0.83871447418130674;2.2457752480661387E-19;0;0","0","True"
"同心68","1","1","0","膝关节螺母M27-1","-0.20473381266103841;-0.026733991411763802;0.03240000000000038;2.7755575615629012E-17;-1.1102230246251615E-16;1;0.016350000000000003;0","0","False"
"同心68","1","1","1","膝关节碗组限位环-1","-0.20677223362556188;-0.016677559917421713;0.049400000000000256;-2.7755575615628907E-17;1.2490009027033009E-16;-1;0.01635;0","0","False"
"重合67","0","0","0","碗组轴承32.7-41.8-6-2","-0.20473381266095089;-0.026733991412147166;0.047900000000000394;3.2992170768375023E-19;9.6384638856039216E-17;-1;0.78539816339744695;0","0","False"
"重合67","0","0","1","膝关节碗组限位环-1","-0.20677223362556188;-0.016677559917421713;0.050900000000000271;-2.7755575615628907E-17;1.2490009027033009E-16;-1;0.78539816339744417;0","0","False"
"重合68","0","1","0","大侧板-1","0;0;0;0;0;-1;0;0","0","False"
"重合68","0","1","1","底盘骨架-1","0.090000000000000052;-0.050499999999999948;0;-1.2325951644078309E-32;-4.1633363423443389E-17;1;0;0","0","False"
"同心69","1","0","0","大侧板-1","-0.083999999999999977;-0.056500000000000015;0.0080000000000000002;0;0;-1;0.0021000000000000051;0","0","False"
"同心69","1","0","1","底盘骨架-1","-0.083999999999999964;-0.056499999999999967;0;1.2325951644078309E-32;4.1633363423443389E-17;-1;0.0021000000000000051;0","0","False"
"同心70","1","0","0","大侧板-1","-0.083999999999999977;-0.074500000000000011;0.0080000000000000002;0;0;-1;0.0021000000000000051;0","0","False"
"同心70","1","0","1","底盘骨架-1","-0.083999999999999964;-0.074499999999999955;0;1.2325951644078309E-32;4.1633363423443389E-17;-1;0.0020999999999999986;0","0","False"
"宽度2","11","1","0","电机梁两头内嵌打印件-1","-0.069999999999999979;-0.065500000000000017;-0.0011999999999999997;0;0;1;0;0","0","False"
"宽度2","11","1","1","电机梁两头内嵌打印件-1","-0.069999999999999979;-0.065500000000000017;-0.038800000000000001;0;0;-1;0;0","0","False"
"宽度2","11","1","2","底盘骨架-1","0.090000000000000052;-0.050499999999999948;-0.0010000000000000009;1.2325951644078309E-32;4.1633363423443389E-17;-1;0;0","0","False"
"宽度2","11","1","3","底盘骨架-1","0.090000000000000052;-0.050499999999999948;-0.039000000000000007;-1.2325951644078309E-32;-4.1633363423443389E-17;1;0;0","0","False"
"宽度3","11","1","0","电机梁两头内嵌打印件-1","-0.089999999999999969;-0.051700000000000017;-0.0011999999999999997;0;1;0;0;0","0","False"
"宽度3","11","1","1","电机梁两头内嵌打印件-1","-0.089999999999999969;-0.079300000000000023;-0.0011999999999999997;0;-1;0;0;0","0","False"
"宽度3","11","1","2","底盘骨架-1","4.7378767575878557E-17;-0.051499999999999949;-0.126;-8.3266726846886716E-17;-1;-4.4935516350804199E-17;0;0","0","False"
"宽度3","11","1","3","底盘骨架-1","4.5047299224165727E-17;-0.07949999999999996;-0.126;8.3266726846886716E-17;1;4.4935516350804199E-17;0;0","0","False"
"同心71","1","0","0","大侧板-1","-0.083999999999999977;-0.056500000000000015;0.0080000000000000002;0;0;-1;0.0021000000000000051;0","0","False"
"同心71","1","0","1","电机梁两头内嵌打印件-1","-0.083999999999999991;-0.056500000000000015;-0.0011999999999999997;0;0;-1;0.00215;0","0","False"
"宽度4","11","1","0","电机梁中间内嵌打印件-1","2.4286128663675299E-17;-0.065500000000000003;-0.0011999999999999997;0;0;1;0;0","0","False"
"宽度4","11","1","1","电机梁中间内嵌打印件-1","2.4286128663675299E-17;-0.065500000000000003;-0.038800000000000001;0;0;-1;0;0","0","False"
"宽度4","11","1","2","底盘骨架-1","0.090000000000000052;-0.050499999999999948;-0.0010000000000000009;1.2325951644078309E-32;4.1633363423443389E-17;-1;0;0","0","False"
"宽度4","11","1","3","底盘骨架-1","0.090000000000000052;-0.050499999999999948;-0.039000000000000007;-1.2325951644078309E-32;-4.1633363423443389E-17;1;0;0","0","False"
"宽度5","11","1","0","电机梁中间内嵌打印件-1","-0.020999999999999974;-0.051700000000000003;-0.0011999999999999997;0;1;0;0;0","0","False"
"宽度5","11","1","1","电机梁中间内嵌打印件-1","-0.02099999999999997;-0.079300000000000009;-0.0011999999999999997;0;-1;0;0;0","0","False"
"宽度5","11","1","2","底盘骨架-1","4.7378767575878557E-17;-0.051499999999999949;-0.126;-8.3266726846886716E-17;-1;-4.4935516350804199E-17;0;0","0","False"
"宽度5","11","1","3","底盘骨架-1","4.5047299224165727E-17;-0.07949999999999996;-0.126;8.3266726846886716E-17;1;4.4935516350804199E-17;0;0","0","False"
"同心72","1","0","0","电机梁中间内嵌打印件-1","-0.017499999999999967;-0.056500000000000009;-0.0011999999999999997;0;0;-1;0.00215;0","0","False"
"同心72","1","0","1","底盘骨架-1","-0.017499999999999953;-0.056499999999999953;0;1.2325951644078309E-32;4.1633363423443389E-17;-1;0.0021000000000000042;0","0","False"
"宽度6","11","1","0","横梁内嵌打印件-1","-0.088799999999999935;-0.083199999999999968;-6.9388939039072284E-18;-1;-2.0054606658691413E-16;0;0;0","0","False"
"宽度6","11","1","1","横梁内嵌打印件-1","-0.05119999999999994;-0.083199999999999968;-6.9388939039072284E-18;1;2.0054606658691413E-16;0;0;0","0","False"
"宽度6","11","1","2","底盘骨架-1","-0.088999999999999954;-0.08049999999999996;0;1;2.7755575615628914E-17;-6.3019603258025611E-17;0;0","0","False"
"宽度6","11","1","3","底盘骨架-1","-0.050999999999999962;-0.08049999999999996;0;-1;-2.7755575615628914E-17;6.3019603258025611E-17;0;0","0","False"
"宽度7","11","0","0","横梁内嵌打印件-1","-0.087299999999999933;-0.081699999999999967;-6.9388939039072284E-18;0;1;0;0;0","0","False"
"宽度7","11","0","1","横梁内嵌打印件-1","-0.087299999999999933;-0.11929999999999996;-6.9388939039072284E-18;0;-1;0;0;0","0","False"
"宽度7","11","0","2","底盘骨架-1","4.1716630150290254E-17;-0.11949999999999997;-0.126;8.3266726846886716E-17;1;4.4935516350804199E-17;0;0","0","False"
"宽度7","11","0","3","底盘骨架-1","4.4880765770471953E-17;-0.081499999999999961;-0.126;-8.3266726846886716E-17;-1;-4.4935516350804199E-17;0;0","0","False"
"同心73","1","0","0","底盘骨架-1","-0.076999999999999943;-0.12049999999999997;-0.031000000000000028;8.3266726846886716E-17;1;4.4935516350804199E-17;0.0026000000000000047;0","0","False"
"同心73","1","0","1","横梁内嵌打印件-1","-0.076999999999999943;-0.11929999999999996;-0.03100000000000001;0;1;0;0.0026499999999999991;0","0","False"
"重合69","0","1","0","MG8016-i6-1","-0.099612047464149658;-4.2587725948272094E-15;0.0024999999999999988;-1.490693766240236E-16;6.3015618671813579E-17;1;0;0","0","False"
"重合69","0","1","1","小腿电机主动链轮20T-1","-0.099612047464149658;1.7872466896685561E-14;0.0025000000000000005;0;0;-1;0;0","0","False"
"同心74","1","1","0","大侧板-1","-0.099612047464149631;-1.3877787807814457E-17;0.0080000000000000002;0;0;-1;0.030249999999999996;0","0","False"
"同心74","1","1","1","小腿电机主动链轮20T-1","-0.099612047464149658;1.7872466896685561E-14;0.0025000000000000005;0;0;1;0.021000000000000001;0","0","False"
"同心75","1","0","0","MG8016-i6-1","-0.087091577996185429;0.0091371682868215589;0.0025000000000000022;-1.490693766240236E-16;6.3015618671813579E-17;1;0.00165;0","0","False"
"同心75","1","0","1","小腿电机主动链轮20T-1","-0.087091577996183403;0.0091371682868409236;0.017500000000000002;0;0;1;0.0020499999999999997;0","0","False"
"同心78","1","0","0","装甲板侧挂轴-1","-7.0055827802717247E-19;0.020000000000000011;0.068999999999997064;0;0;-1;0.0070000000000000001;0","0","False"
"同心78","1","0","1","非标轴承14-28-8-1","-7.0055827802717247E-19;0.020000000000000011;0.030699999999999998;0;0;-1;0.0070000000000000001;0","0","False"
"重合71","0","1","0","小腿链轮20T M24-1","2.7488521308674946E-17;0.02;0.030699999999999998;1.1197651493690891E-17;-1.5781296156433164E-16;-1;0;0","0","False"
"重合71","0","1","1","非标轴承14-28-8-1","-7.0055827802717247E-19;0.020000000000000011;0.030699999999999998;0;0;1;0;0","0","False"
"同心79","1","1","0","RA6008-2","-2.9679253980263443E-20;0.020000000000000011;-0.26450000000000001;-2.4651903288156613E-32;-8.3266726846886753E-17;1;0.037999999999999999;0","0","False"
"同心79","1","1","1","髋关节RA6008压紧盖-1","0;0.020000000000000011;-0.26030000000000003;0;0;-1;0.048000000000000008;0","0","False"
"重合73","0","1","0","RA6008-2","-2.9679253980263443E-20;0.020000000000000011;-0.26450000000000001;2.4651903288156613E-32;8.3266726846886753E-17;-1;0;0","0","False"
"重合73","0","1","1","髋关节RA6008压紧盖-1","0;0.020000000000000011;-0.26450000000000001;0;0;1;0;0","0","False"
"同心80","1","1","0","大侧板-2","3.106139814307734E-33;0.063000000000000014;-0.252;2.4651903288156619E-32;8.3266726846886778E-17;-1;0.0021000000000000016;0","0","True"
"同心80","1","1","1","髋关节RA6008压紧盖-1","0;0.063;-0.25800000000000001;0;0;-1;0.0016499999999999998;0","0","True"
"同心81","1","0","0","大侧板-2","3.106139814307734E-33;0.063000000000000014;-0.252;2.4651903288156619E-32;8.3266726846886778E-17;-1;0.0021000000000000016;0","0","False"
"同心81","1","0","1","髋关节RA6008压紧盖-1","0;0.063;-0.25800000000000001;0;0;-1;0.0016499999999999998;0","0","False"
"重合75","0","1","0","小腿-1","-0.20473381266095089;-0.026733991412147166;0.058900000000000376;8.9793101108872838E-22;-9.4689595978045292E-22;1;0;0","0","False"
"重合75","0","1","1","串联腿装配方案2","-0.073704172557942302;-0.11855573945952452;0.058900000000000383;3.6489629910965474E-17;2.4993326713136328E-16;-1;0;0","0","False"
"宽度8","11","1","0","串联腿装配方案2","-0.083089216759820478;-0.09622681325764923;0.059900000000000383;0.57388592529610838;0.81893525064380368;2.2562004778775032E-16;0;0","0","False"
"宽度8","11","1","1","串联腿装配方案2","-0.097895473632460081;-0.11735534272425936;0.059900000000000383;-0.57388592529610838;-0.81893525064380368;-2.2562004778775032E-16;0;0","0","False"
"宽度8","11","1","2","小腿-1","-0.1921083223044365;-0.0087174158979834854;0.058900000000000376;-0.57388592529610849;-0.81893525064380368;-2.6013651100568509E-22;0;0","0","False"
"宽度8","11","1","3","小腿-1","-0.21735930301746528;-0.044750566926310846;0.058900000000000376;0.57388592529610849;0.81893525064380368;2.6013651100568509E-22;0;0","0","False"
"宽度9","11","1","0","小腿-1","-0.094996489074681237;-0.10363470540182568;0.058900000000000376;0.81893525064380368;-0.57388592529610849;-1.2787576216645432E-21;0;0","0","False"
"宽度9","11","1","1","小腿-1","-0.052411856041203436;-0.13347677351722334;0.058900000000000376;-0.81893525064380368;0.57388592529610849;1.2787576216645432E-21;0;0","0","False"
"宽度9","11","1","2","串联腿装配方案2","-0.10133500168516406;-0.11494502183801571;0.060900000000000384;-0.81893525064380357;0.57388592529610838;1.1355054005292576E-16;0;0","0","False"
"宽度9","11","1","3","串联腿装配方案2","-0.053476471867040347;-0.1327307218143384;0.060900000000000377;0.81893525064380357;-0.57388592529610838;-1.1355054005292576E-16;0;0","0","False"
"同心82","1","0","0","包胶轴承 6-30-6-1","0.23412132034355965;-0.10539949493661191;-0.034000000000000009;0;0;-1;0.0030000000000000005;0","0","False"
"同心82","1","0","1","底盘骨架-1","0.23412132034355965;-0.10539949493661185;-0.041000000000000009;-3.4694469519536137E-16;4.1633363423443376E-17;-1;0.0030000000000000031;0","0","False"
"距离2","5","1","0","底盘骨架-1","0.23412132034355965;-0.10539949493661185;-0.041000000000000009;3.4694469519536137E-16;-4.1633363423443376E-17;1;0;0","0","False"
"距离2","5","1","1","包胶轴承 6-30-6-1","0.23412132034355965;-0.10539949493661191;-0.040000000000000008;0;0;-1;0;0","0","False"
"重合77","0","1","0","云台装配-final-1","-2.0599841277224584E-18;0.02276830466595603;-0.12199999999999998;0;1;0;0;0","0","False"
"重合77","0","1","1","串联腿装配方案2","1.5037661005775537E-33;1.788246914258349;-0.122;0;-1;0;0;0","0","False"
"重合78","0","1","0","底盘骨架-1","4.8294701571194309E-17;-0.040499999999999953;-0.126;-8.3266726846886716E-17;-1;-4.4935516350804199E-17;0;0","0","False"
"重合78","0","1","1","小铝条M3-40-1","0.13500000000000001;-0.04049999999999996;-0.051999999999999942;4.4282407901247024E-17;1;7.1152031777895794E-17;0;0","0","False"
"同心83","1","1","0","底盘骨架-1","0.17000000000000004;-0.035499999999999948;-0.04899999999999996;-8.3266726846886716E-17;-1;-4.4935516350804199E-17;0.001600000000000002;0","0","False"
"同心83","1","1","1","小铝条M3-40-1","0.17000000000000001;-0.046499999999999965;-0.048999999999999967;4.4282407901247024E-17;1;7.1152031777895794E-17;0.0016000000000000001;0","0","False"
"同心84","1","1","0","底盘骨架-1","0.15000000000000002;-0.035499999999999948;-0.048999999999999946;-8.3266726846886716E-17;-1;-4.4935516350804199E-17;0.001600000000000002;0","0","False"
"同心84","1","1","1","小铝条M3-40-1","0.15000000000000002;-0.046499999999999958;-0.048999999999999953;4.4282407901247024E-17;1;7.1152031777895794E-17;0.0016000000000000003;0","0","False"
"重合80","0","1","0","底盘骨架-1","4.4964032497318837E-17;-0.08049999999999996;-0.126;8.3266726846886716E-17;1;4.4935516350804199E-17;0;0","0","False"
"重合80","0","1","1","小铝条M3-40-2","0.13500000000000006;-0.080499999999999988;-0.051999999999999956;-6.5970244314579919E-17;-1;-1.662926781122508E-16;0;0","0","False"
"同心85","1","0","0","底盘骨架-1","0.17000000000000004;-0.085499999999999965;-0.04899999999999996;8.3266726846886716E-17;1;4.4935516350804199E-17;0.001600000000000002;0","0","False"
"同心85","1","0","1","小铝条M3-40-2","0.17000000000000007;-0.080500000000000002;-0.048999999999999981;6.5970244314579919E-17;1;1.662926781122508E-16;0.0016000000000000001;0","0","False"
"同心86","1","0","0","底盘骨架-1","0.15000000000000002;-0.085499999999999965;-0.048999999999999946;8.3266726846886716E-17;1;4.4935516350804199E-17;0.001600000000000002;0","0","False"
"同心86","1","0","1","小铝条M3-40-2","0.15000000000000008;-0.080499999999999988;-0.04899999999999996;6.5970244314579919E-17;1;1.662926781122508E-16;0.0016000000000000003;0","0","False"
"重合81","0","1","0","小腿链轮20T M24-1","2.7020459476238668E-17;0.020000000000000007;0.072499999999999995;-1.1197651493690891E-17;1.5781296156433164E-16;1;0;0","0","False"
"重合81","0","1","1","6802轴承 15-24-5-1","-8.01030721458406E-19;0.020000000000000007;0.072499999999999995;0;0;-1;0;0","0","False"
"重合82","0","1","0","大侧板-1","0;0;0;0;0;-1;0;0","0","False"
"重合82","0","1","1","侧挂轴固定件-1","-2.4033780269492043E-15;0.019999999999999768;0;0;0;1;0;0","0","False"
"同心87","1","1","0","大侧板-1","9.0205620750793969E-16;-0.022999999999999993;0;0;0;1;0.0021000000000000025;0","0","False"
"同心87","1","1","1","侧挂轴固定件-1","2.469358051371282E-15;-0.023000000000000215;0;0;0;-1;0.0021000000000049486;0","0","False"
"同心88","1","1","0","大侧板-1","-0.030405591591020242;-0.010405591591022079;0;0;0;1;0.0021000000000006573;0","0","False"
"同心88","1","1","1","侧挂轴固定件-1","-0.030405591591019777;-0.010405591591023434;0;0;0;-1;0.0021000000000048263;0","0","False"
"同心89","1","0","0","MG8016-i6-2","0.099612047464148479;-5.8406201210759335E-15;-0.039500000000000007;3.2001442347286734E-16;1.5161404518852858E-16;1;0.049500000000000002;0","0","False"
"同心89","1","0","1","大腿电机主动链轮20T-1","0.099612047464148493;-5.7964640652898097E-15;0.002500000000000004;1.134241444488814E-16;2.5298317864684188E-16;1;0.021000000000000001;0","0","False"
"重合83","0","1","0","MG8016-i6-2","0.099612047464148507;-5.8430293522658853E-15;0.0024999999999999988;2.4102485313849705E-16;4.3855583253805806E-17;1;0;0","0","False"
"重合83","0","1","1","大腿电机主动链轮20T-1","0.099612047464148493;-5.7964640652898097E-15;0.002500000000000004;-1.134241444488814E-16;-2.5298317864684188E-16;-1;0;0","0","False"
"同心90","1","0","0","MG8016-i6-2","0.1137853020531753;0.0062744604831457065;0.0024999999999999953;2.4102485313849705E-16;4.3855583253805806E-17;1;0.00165;0","0","False"
"同心90","1","0","1","大腿电机主动链轮20T-1","0.1137853020531753;0.0062744604831457551;0.026499999999999996;1.134241444488814E-16;2.5298317864684188E-16;1;0.0020499999999999997;0","0","False"
"重合84","0","1","0","膝关节一级长连杆-1","0.092130215697428505;-0.0010302961354669913;0.042999999999999997;1.0500735297373581E-17;-4.9746110708877625E-18;-1;0;0","0","False"
"重合84","0","1","1","塞打螺栓 M6-φ8-20-1","0.093926818078581525;0.0052164806241135082;0.042999999999999997;1.1657341758564148E-15;6.6613381477509412E-16;1;0;0","0","False"
"重合85","0","1","0","法兰轴承F698 8-19-6-2","0.092130215697428505;-0.0010302961354669881;0.063999999999999987;1.1408256170817766E-15;6.6753670172185981E-16;1;0;0","0","False"
"重合85","0","1","1","防松螺母M6-1","0.092130215697428505;-0.0010302961354669881;0.063999999999999987;-1.3257576705772812E-15;-8.874385756376372E-16;-1;0;0","0","False"
"同心91","1","0","0","大腿-1","-0.092130215697427922;-0.0010302961354662112;0.040000000000000126;-9.4390396132005863E-16;-1.3175316874388402E-15;-1;0.0067500000000000008;0","0","False"
"同心91","1","0","1","塞打螺栓 M6-φ8-20-9","-0.092130215697427909;-0.001030296135466217;0.034500000000000142;-6.8103076525818646E-18;-1.2619324253044781E-16;-1;0.0039999999999999983;0","0","False"
"重合87","0","1","0","大腿-1","-0.092130215697427922;-0.0010302961354662112;0.040000000000000126;-9.4390396132005863E-16;-1.3175316874388402E-15;-1;0;0","0","False"
"重合87","0","1","1","塞打螺栓 M6-φ8-20-9","-0.09566093509215097;-0.0064877699609395345;0.04000000000000014;6.8103076525818646E-18;1.2619324253044781E-16;1;0;0","0","False"
"同心92","1","0","0","法兰轴承F698 8-19-6-5","-0.092130215697427881;-0.0010302961354661775;0.064000000000000001;1.1408256170817752E-15;6.6753670172185774E-16;1;0.0094999999999999998;0","0","False"
"同心92","1","0","1","防松螺母M6-5","-0.092130215697427881;-0.0010302961354661775;0.064000000000000001;-3.4797308996850309E-17;5.4350444260512683E-17;1;0.0030000000000000005;0","0","False"
"重合88","0","1","0","法兰轴承F698 8-19-6-3","4.1956276967639468E-17;-0.065592462731278403;0.064000000000000001;1.1408256170817685E-15;6.675367017218468E-16;1;0;0","0","False"
"重合88","0","1","1","防松螺母M6-2","4.1736779217936773E-17;-0.065592462731278403;0.064000000000000001;-1.3253624876418765E-15;-7.7714841663639433E-16;-1;0;0","0","False"
