index,action_LL_RL,action_Lcrank_Rcrank,wheel_support_height,nonwheel_clearance,wheel_height_mismatch,active_target_error,final_passive_velocity,peak_passive_velocity,finite,done_seen,position_LL,position_Lcrank,position_RL,position_Rcrank,position_Yaw,position_L234,position_Lcal,position_L12,position_R234,position_Rcal,position_R12,position_P,position_P12,position_L45,position_Lwhl,position_R45,position_Rwhl,position_P23
0,-1.0,-1.0,nan,nan,nan,nan,nan,nan,False,True,nan,nan,nan,nan,nan,nan,nan,nan,nan,nan,nan,nan,nan,nan,nan,nan,nan,nan
1,-1.0,-0.800000011920929,nan,nan,nan,nan,nan,nan,False,True,nan,nan,nan,nan,nan,nan,nan,nan,nan,nan,nan,nan,nan,nan,nan,nan,nan,nan
2,-1.0,-0.6000000238418579,nan,nan,nan,nan,nan,nan,False,True,nan,nan,nan,nan,nan,nan,nan,nan,nan,nan,nan,nan,nan,nan,nan,nan,nan,nan
3,-1.0,-0.3999999761581421,nan,nan,nan,nan,nan,nan,False,True,nan,nan,nan,nan,nan,nan,nan,nan,nan,nan,nan,nan,nan,nan,nan,nan,nan,nan
4,-1.0,-0.19999998807907104,nan,nan,nan,nan,nan,nan,False,True,nan,nan,nan,nan,nan,nan,nan,nan,nan,nan,nan,nan,nan,nan,nan,nan,nan,nan
5,-1.0,-1.4901161193847656e-08,nan,nan,nan,nan,nan,nan,False,True,nan,nan,nan,nan,nan,nan,nan,nan,nan,nan,nan,nan,nan,nan,nan,nan,nan,nan
6,-1.0,0.19999998807907104,nan,nan,nan,nan,nan,nan,False,True,nan,nan,nan,nan,nan,nan,nan,nan,nan,nan,nan,nan,nan,nan,nan,nan,nan,nan
7,-1.0,0.3999999761581421,nan,nan,nan,nan,nan,nan,False,True,nan,nan,nan,nan,nan,nan,nan,nan,nan,nan,nan,nan,nan,nan,nan,nan,nan,nan
8,-1.0,0.6000000238418579,nan,nan,nan,nan,nan,nan,False,True,nan,nan,nan,nan,nan,nan,nan,nan,nan,nan,nan,nan,nan,nan,nan,nan,nan,nan
9,-1.0,0.800000011920929,nan,nan,nan,nan,nan,nan,False,True,nan,nan,nan,nan,nan,nan,nan,nan,nan,nan,nan,nan,nan,nan,nan,nan,nan,nan
10,-1.0,1.0,nan,nan,nan,nan,nan,nan,False,True,nan,nan,nan,nan,nan,nan,nan,nan,nan,nan,nan,nan,nan,nan,nan,nan,nan,nan
11,-0.800000011920929,-1.0,nan,nan,nan,nan,nan,nan,False,True,nan,nan,nan,nan,nan,nan,nan,nan,nan,nan,nan,nan,nan,nan,nan,nan,nan,nan
12,-0.800000011920929,-0.800000011920929,nan,nan,nan,nan,nan,nan,False,True,nan,nan,nan,nan,nan,nan,nan,nan,nan,nan,nan,nan,nan,nan,nan,nan,nan,nan
13,-0.800000011920929,-0.6000000238418579,nan,nan,nan,nan,nan,nan,False,True,nan,nan,nan,nan,nan,nan,nan,nan,nan,nan,nan,nan,nan,nan,nan,nan,nan,nan
14,-0.800000011920929,-0.3999999761581421,nan,nan,nan,nan,nan,nan,False,True,nan,nan,nan,nan,nan,nan,nan,nan,nan,nan,nan,nan,nan,nan,nan,nan,nan,nan
15,-0.800000011920929,-0.19999998807907104,nan,nan,nan,nan,nan,nan,False,True,nan,nan,nan,nan,nan,nan,nan,nan,nan,nan,nan,nan,nan,nan,nan,nan,nan,nan
16,-0.800000011920929,-1.4901161193847656e-08,nan,nan,nan,nan,nan,nan,False,True,nan,nan,nan,nan,nan,nan,nan,nan,nan,nan,nan,nan,nan,nan,nan,nan,nan,nan
17,-0.800000011920929,0.19999998807907104,nan,nan,nan,nan,nan,nan,False,True,nan,nan,nan,nan,nan,nan,nan,nan,nan,nan,nan,nan,nan,nan,nan,nan,nan,nan
18,-0.800000011920929,0.3999999761581421,nan,nan,nan,nan,nan,nan,False,True,nan,nan,nan,nan,nan,nan,nan,nan,nan,nan,nan,nan,nan,nan,nan,nan,nan,nan
19,-0.800000011920929,0.6000000238418579,nan,nan,nan,nan,nan,nan,False,True,nan,nan,nan,nan,nan,nan,nan,nan,nan,nan,nan,nan,nan,nan,nan,nan,nan,nan
20,-0.800000011920929,0.800000011920929,nan,nan,nan,nan,nan,nan,False,True,nan,nan,nan,nan,nan,nan,nan,nan,nan,nan,nan,nan,nan,nan,nan,nan,nan,nan
21,-0.800000011920929,1.0,nan,nan,nan,nan,nan,nan,False,True,nan,nan,nan,nan,nan,nan,nan,nan,nan,nan,nan,nan,nan,nan,nan,nan,nan,nan
22,-0.6000000238418579,-1.0,nan,nan,nan,nan,nan,nan,False,True,nan,nan,nan,nan,nan,nan,nan,nan,nan,nan,nan,nan,nan,nan,nan,nan,nan,nan
23,-0.6000000238418579,-0.800000011920929,nan,nan,nan,nan,nan,nan,False,True,nan,nan,nan,nan,nan,nan,nan,nan,nan,nan,nan,nan,nan,nan,nan,nan,nan,nan
24,-0.6000000238418579,-0.6000000238418579,nan,nan,nan,nan,nan,nan,False,True,nan,nan,nan,nan,nan,nan,nan,nan,nan,nan,nan,nan,nan,nan,nan,nan,nan,nan
25,-0.6000000238418579,-0.3999999761581421,nan,nan,nan,nan,nan,nan,False,True,nan,nan,nan,nan,nan,nan,nan,nan,nan,nan,nan,nan,nan,nan,nan,nan,nan,nan
26,-0.6000000238418579,-0.19999998807907104,nan,nan,nan,nan,nan,nan,False,True,nan,nan,nan,nan,nan,nan,nan,nan,nan,nan,nan,nan,nan,nan,nan,nan,nan,nan
27,-0.6000000238418579,-1.4901161193847656e-08,nan,nan,nan,nan,nan,nan,False,True,nan,nan,nan,nan,nan,nan,nan,nan,nan,nan,nan,nan,nan,nan,nan,nan,nan,nan
28,-0.6000000238418579,0.19999998807907104,nan,nan,nan,nan,nan,nan,False,True,nan,nan,nan,nan,nan,nan,nan,nan,nan,nan,nan,nan,nan,nan,nan,nan,nan,nan
29,-0.6000000238418579,0.3999999761581421,nan,nan,nan,nan,nan,nan,False,True,nan,nan,nan,nan,nan,nan,nan,nan,nan,nan,nan,nan,nan,nan,nan,nan,nan,nan
30,-0.6000000238418579,0.6000000238418579,nan,nan,nan,nan,nan,nan,False,True,nan,nan,nan,nan,nan,nan,nan,nan,nan,nan,nan,nan,nan,nan,nan,nan,nan,nan
31,-0.6000000238418579,0.800000011920929,nan,nan,nan,nan,nan,nan,False,True,nan,nan,nan,nan,nan,nan,nan,nan,nan,nan,nan,nan,nan,nan,nan,nan,nan,nan
32,-0.6000000238418579,1.0,nan,nan,nan,nan,nan,nan,False,True,nan,nan,nan,nan,nan,nan,nan,nan,nan,nan,nan,nan,nan,nan,nan,nan,nan,nan
33,-0.3999999761581421,-1.0,nan,nan,nan,nan,nan,nan,False,True,nan,nan,nan,nan,nan,nan,nan,nan,nan,nan,nan,nan,nan,nan,nan,nan,nan,nan
34,-0.3999999761581421,-0.800000011920929,nan,nan,nan,nan,nan,nan,False,True,nan,nan,nan,nan,nan,nan,nan,nan,nan,nan,nan,nan,nan,nan,nan,nan,nan,nan
35,-0.3999999761581421,-0.6000000238418579,nan,nan,nan,nan,nan,nan,False,True,nan,nan,nan,nan,nan,nan,nan,nan,nan,nan,nan,nan,nan,nan,nan,nan,nan,nan
36,-0.3999999761581421,-0.3999999761581421,nan,nan,nan,nan,nan,nan,False,True,nan,nan,nan,nan,nan,nan,nan,nan,nan,nan,nan,nan,nan,nan,nan,nan,nan,nan
37,-0.3999999761581421,-0.19999998807907104,nan,nan,nan,nan,nan,nan,False,True,nan,nan,nan,nan,nan,nan,nan,nan,nan,nan,nan,nan,nan,nan,nan,nan,nan,nan
38,-0.3999999761581421,-1.4901161193847656e-08,nan,nan,nan,nan,nan,nan,False,True,nan,nan,nan,nan,nan,nan,nan,nan,nan,nan,nan,nan,nan,nan,nan,nan,nan,nan
39,-0.3999999761581421,0.19999998807907104,nan,nan,nan,nan,nan,nan,False,True,nan,nan,nan,nan,nan,nan,nan,nan,nan,nan,nan,nan,nan,nan,nan,nan,nan,nan
40,-0.3999999761581421,0.3999999761581421,nan,nan,nan,nan,nan,nan,False,True,nan,nan,nan,nan,nan,nan,nan,nan,nan,nan,nan,nan,nan,nan,nan,nan,nan,nan
41,-0.3999999761581421,0.6000000238418579,nan,nan,nan,nan,nan,nan,False,True,nan,nan,nan,nan,nan,nan,nan,nan,nan,nan,nan,nan,nan,nan,nan,nan,nan,nan
42,-0.3999999761581421,0.800000011920929,nan,nan,nan,nan,nan,nan,False,True,nan,nan,nan,nan,nan,nan,nan,nan,nan,nan,nan,nan,nan,nan,nan,nan,nan,nan
43,-0.3999999761581421,1.0,nan,nan,nan,nan,nan,nan,False,True,nan,nan,nan,nan,nan,nan,nan,nan,nan,nan,nan,nan,nan,nan,nan,nan,nan,nan
44,-0.19999998807907104,-1.0,nan,nan,nan,nan,nan,nan,False,True,nan,nan,nan,nan,nan,nan,nan,nan,nan,nan,nan,nan,nan,nan,nan,nan,nan,nan
45,-0.19999998807907104,-0.800000011920929,nan,nan,nan,nan,nan,nan,False,True,nan,nan,nan,nan,nan,nan,nan,nan,nan,nan,nan,nan,nan,nan,nan,nan,nan,nan
46,-0.19999998807907104,-0.6000000238418579,nan,nan,nan,nan,nan,nan,False,True,nan,nan,nan,nan,nan,nan,nan,nan,nan,nan,nan,nan,nan,nan,nan,nan,nan,nan
47,-0.19999998807907104,-0.3999999761581421,nan,nan,nan,nan,nan,nan,False,True,nan,nan,nan,nan,nan,nan,nan,nan,nan,nan,nan,nan,nan,nan,nan,nan,nan,nan
48,-0.19999998807907104,-0.19999998807907104,nan,nan,nan,nan,nan,nan,False,True,nan,nan,nan,nan,nan,nan,nan,nan,nan,nan,nan,nan,nan,nan,nan,nan,nan,nan
49,-0.19999998807907104,-1.4901161193847656e-08,nan,nan,nan,nan,nan,nan,False,True,nan,nan,nan,nan,nan,nan,nan,nan,nan,nan,nan,nan,nan,nan,nan,nan,nan,nan
50,-0.19999998807907104,0.19999998807907104,nan,nan,nan,nan,nan,nan,False,True,nan,nan,nan,nan,nan,nan,nan,nan,nan,nan,nan,nan,nan,nan,nan,nan,nan,nan
51,-0.19999998807907104,0.3999999761581421,nan,nan,nan,nan,nan,nan,False,True,nan,nan,nan,nan,nan,nan,nan,nan,nan,nan,nan,nan,nan,nan,nan,nan,nan,nan
52,-0.19999998807907104,0.6000000238418579,nan,nan,nan,nan,nan,nan,False,True,nan,nan,nan,nan,nan,nan,nan,nan,nan,nan,nan,nan,nan,nan,nan,nan,nan,nan
53,-0.19999998807907104,0.800000011920929,nan,nan,nan,nan,nan,nan,False,True,nan,nan,nan,nan,nan,nan,nan,nan,nan,nan,nan,nan,nan,nan,nan,nan,nan,nan
54,-0.19999998807907104,1.0,nan,nan,nan,nan,nan,nan,False,True,nan,nan,nan,nan,nan,nan,nan,nan,nan,nan,nan,nan,nan,nan,nan,nan,nan,nan
55,-1.4901161193847656e-08,-1.0,nan,nan,nan,nan,nan,nan,False,True,nan,nan,nan,nan,nan,nan,nan,nan,nan,nan,nan,nan,nan,nan,nan,nan,nan,nan
56,-1.4901161193847656e-08,-0.800000011920929,nan,nan,nan,nan,nan,nan,False,True,nan,nan,nan,nan,nan,nan,nan,nan,nan,nan,nan,nan,nan,nan,nan,nan,nan,nan
57,-1.4901161193847656e-08,-0.6000000238418579,nan,nan,nan,nan,nan,nan,False,True,nan,nan,nan,nan,nan,nan,nan,nan,nan,nan,nan,nan,nan,nan,nan,nan,nan,nan
58,-1.4901161193847656e-08,-0.3999999761581421,nan,nan,nan,nan,nan,nan,False,True,nan,nan,nan,nan,nan,nan,nan,nan,nan,nan,nan,nan,nan,nan,nan,nan,nan,nan
59,-1.4901161193847656e-08,-0.19999998807907104,nan,nan,nan,nan,nan,nan,False,True,nan,nan,nan,nan,nan,nan,nan,nan,nan,nan,nan,nan,nan,nan,nan,nan,nan,nan
60,-1.4901161193847656e-08,-1.4901161193847656e-08,nan,nan,nan,nan,nan,nan,False,True,nan,nan,nan,nan,nan,nan,nan,nan,nan,nan,nan,nan,nan,nan,nan,nan,nan,nan
61,-1.4901161193847656e-08,0.19999998807907104,nan,nan,nan,nan,nan,nan,False,True,nan,nan,nan,nan,nan,nan,nan,nan,nan,nan,nan,nan,nan,nan,nan,nan,nan,nan
62,-1.4901161193847656e-08,0.3999999761581421,nan,nan,nan,nan,nan,nan,False,True,nan,nan,nan,nan,nan,nan,nan,nan,nan,nan,nan,nan,nan,nan,nan,nan,nan,nan
63,-1.4901161193847656e-08,0.6000000238418579,nan,nan,nan,nan,nan,nan,False,True,nan,nan,nan,nan,nan,nan,nan,nan,nan,nan,nan,nan,nan,nan,nan,nan,nan,nan
64,-1.4901161193847656e-08,0.800000011920929,nan,nan,nan,nan,nan,nan,False,True,nan,nan,nan,nan,nan,nan,nan,nan,nan,nan,nan,nan,nan,nan,nan,nan,nan,nan
65,-1.4901161193847656e-08,1.0,nan,nan,nan,nan,nan,nan,False,True,nan,nan,nan,nan,nan,nan,nan,nan,nan,nan,nan,nan,nan,nan,nan,nan,nan,nan
66,0.19999998807907104,-1.0,nan,nan,nan,nan,nan,nan,False,True,nan,nan,nan,nan,nan,nan,nan,nan,nan,nan,nan,nan,nan,nan,nan,nan,nan,nan
67,0.19999998807907104,-0.800000011920929,nan,nan,nan,nan,nan,nan,False,True,nan,nan,nan,nan,nan,nan,nan,nan,nan,nan,nan,nan,nan,nan,nan,nan,nan,nan
68,0.19999998807907104,-0.6000000238418579,nan,nan,nan,nan,nan,nan,False,True,nan,nan,nan,nan,nan,nan,nan,nan,nan,nan,nan,nan,nan,nan,nan,nan,nan,nan
69,0.19999998807907104,-0.3999999761581421,nan,nan,nan,nan,nan,nan,False,True,nan,nan,nan,nan,nan,nan,nan,nan,nan,nan,nan,nan,nan,nan,nan,nan,nan,nan
70,0.19999998807907104,-0.19999998807907104,nan,nan,nan,nan,nan,nan,False,True,nan,nan,nan,nan,nan,nan,nan,nan,nan,nan,nan,nan,nan,nan,nan,nan,nan,nan
71,0.19999998807907104,-1.4901161193847656e-08,nan,nan,nan,nan,nan,nan,False,True,nan,nan,nan,nan,nan,nan,nan,nan,nan,nan,nan,nan,nan,nan,nan,nan,nan,nan
72,0.19999998807907104,0.19999998807907104,nan,nan,nan,nan,nan,nan,False,True,nan,nan,nan,nan,nan,nan,nan,nan,nan,nan,nan,nan,nan,nan,nan,nan,nan,nan
73,0.19999998807907104,0.3999999761581421,nan,nan,nan,nan,nan,nan,False,True,nan,nan,nan,nan,nan,nan,nan,nan,nan,nan,nan,nan,nan,nan,nan,nan,nan,nan
74,0.19999998807907104,0.6000000238418579,nan,nan,nan,nan,nan,nan,False,True,nan,nan,nan,nan,nan,nan,nan,nan,nan,nan,nan,nan,nan,nan,nan,nan,nan,nan
75,0.19999998807907104,0.800000011920929,nan,nan,nan,nan,nan,nan,False,True,nan,nan,nan,nan,nan,nan,nan,nan,nan,nan,nan,nan,nan,nan,nan,nan,nan,nan
76,0.19999998807907104,1.0,nan,nan,nan,nan,nan,nan,False,True,nan,nan,nan,nan,nan,nan,nan,nan,nan,nan,nan,nan,nan,nan,nan,nan,nan,nan
77,0.3999999761581421,-1.0,nan,nan,nan,nan,nan,nan,False,True,nan,nan,nan,nan,nan,nan,nan,nan,nan,nan,nan,nan,nan,nan,nan,nan,nan,nan
78,0.3999999761581421,-0.800000011920929,nan,nan,nan,nan,nan,nan,False,True,nan,nan,nan,nan,nan,nan,nan,nan,nan,nan,nan,nan,nan,nan,nan,nan,nan,nan
79,0.3999999761581421,-0.6000000238418579,nan,nan,nan,nan,nan,nan,False,True,nan,nan,nan,nan,nan,nan,nan,nan,nan,nan,nan,nan,nan,nan,nan,nan,nan,nan
80,0.3999999761581421,-0.3999999761581421,nan,nan,nan,nan,nan,nan,False,True,nan,nan,nan,nan,nan,nan,nan,nan,nan,nan,nan,nan,nan,nan,nan,nan,nan,nan
81,0.3999999761581421,-0.19999998807907104,nan,nan,nan,nan,nan,nan,False,True,nan,nan,nan,nan,nan,nan,nan,nan,nan,nan,nan,nan,nan,nan,nan,nan,nan,nan
82,0.3999999761581421,-1.4901161193847656e-08,nan,nan,nan,nan,nan,nan,False,True,nan,nan,nan,nan,nan,nan,nan,nan,nan,nan,nan,nan,nan,nan,nan,nan,nan,nan
83,0.3999999761581421,0.19999998807907104,nan,nan,nan,nan,nan,nan,False,True,nan,nan,nan,nan,nan,nan,nan,nan,nan,nan,nan,nan,nan,nan,nan,nan,nan,nan
84,0.3999999761581421,0.3999999761581421,nan,nan,nan,nan,nan,nan,False,True,nan,nan,nan,nan,nan,nan,nan,nan,nan,nan,nan,nan,nan,nan,nan,nan,nan,nan
85,0.3999999761581421,0.6000000238418579,nan,nan,nan,nan,nan,nan,False,True,nan,nan,nan,nan,nan,nan,nan,nan,nan,nan,nan,nan,nan,nan,nan,nan,nan,nan
86,0.3999999761581421,0.800000011920929,nan,nan,nan,nan,nan,nan,False,True,nan,nan,nan,nan,nan,nan,nan,nan,nan,nan,nan,nan,nan,nan,nan,nan,nan,nan
87,0.3999999761581421,1.0,nan,nan,nan,nan,nan,nan,False,True,nan,nan,nan,nan,nan,nan,nan,nan,nan,nan,nan,nan,nan,nan,nan,nan,nan,nan
88,0.6000000238418579,-1.0,nan,nan,nan,nan,nan,nan,False,True,nan,nan,nan,nan,nan,nan,nan,nan,nan,nan,nan,nan,nan,nan,nan,nan,nan,nan
89,0.6000000238418579,-0.800000011920929,nan,nan,nan,nan,nan,nan,False,True,nan,nan,nan,nan,nan,nan,nan,nan,nan,nan,nan,nan,nan,nan,nan,nan,nan,nan
90,0.6000000238418579,-0.6000000238418579,nan,nan,nan,nan,nan,nan,False,True,nan,nan,nan,nan,nan,nan,nan,nan,nan,nan,nan,nan,nan,nan,nan,nan,nan,nan
91,0.6000000238418579,-0.3999999761581421,nan,nan,nan,nan,nan,nan,False,True,nan,nan,nan,nan,nan,nan,nan,nan,nan,nan,nan,nan,nan,nan,nan,nan,nan,nan
92,0.6000000238418579,-0.19999998807907104,nan,nan,nan,nan,nan,nan,False,True,nan,nan,nan,nan,nan,nan,nan,nan,nan,nan,nan,nan,nan,nan,nan,nan,nan,nan
93,0.6000000238418579,-1.4901161193847656e-08,nan,nan,nan,nan,nan,nan,False,True,nan,nan,nan,nan,nan,nan,nan,nan,nan,nan,nan,nan,nan,nan,nan,nan,nan,nan
94,0.6000000238418579,0.19999998807907104,nan,nan,nan,nan,nan,nan,False,True,nan,nan,nan,nan,nan,nan,nan,nan,nan,nan,nan,nan,nan,nan,nan,nan,nan,nan
95,0.6000000238418579,0.3999999761581421,nan,nan,nan,nan,nan,nan,False,True,nan,nan,nan,nan,nan,nan,nan,nan,nan,nan,nan,nan,nan,nan,nan,nan,nan,nan
96,0.6000000238418579,0.6000000238418579,nan,nan,nan,nan,nan,nan,False,True,nan,nan,nan,nan,nan,nan,nan,nan,nan,nan,nan,nan,nan,nan,nan,nan,nan,nan
97,0.6000000238418579,0.800000011920929,nan,nan,nan,nan,nan,nan,False,True,nan,nan,nan,nan,nan,nan,nan,nan,nan,nan,nan,nan,nan,nan,nan,nan,nan,nan
98,0.6000000238418579,1.0,nan,nan,nan,nan,nan,nan,False,True,nan,nan,nan,nan,nan,nan,nan,nan,nan,nan,nan,nan,nan,nan,nan,nan,nan,nan
99,0.800000011920929,-1.0,nan,nan,nan,nan,nan,nan,False,True,nan,nan,nan,nan,nan,nan,nan,nan,nan,nan,nan,nan,nan,nan,nan,nan,nan,nan
100,0.800000011920929,-0.800000011920929,nan,nan,nan,nan,nan,nan,False,True,nan,nan,nan,nan,nan,nan,nan,nan,nan,nan,nan,nan,nan,nan,nan,nan,nan,nan
101,0.800000011920929,-0.6000000238418579,nan,nan,nan,nan,nan,nan,False,True,nan,nan,nan,nan,nan,nan,nan,nan,nan,nan,nan,nan,nan,nan,nan,nan,nan,nan
102,0.800000011920929,-0.3999999761581421,nan,nan,nan,nan,nan,nan,False,True,nan,nan,nan,nan,nan,nan,nan,nan,nan,nan,nan,nan,nan,nan,nan,nan,nan,nan
103,0.800000011920929,-0.19999998807907104,nan,nan,nan,nan,nan,nan,False,True,nan,nan,nan,nan,nan,nan,nan,nan,nan,nan,nan,nan,nan,nan,nan,nan,nan,nan
104,0.800000011920929,-1.4901161193847656e-08,nan,nan,nan,nan,nan,nan,False,True,nan,nan,nan,nan,nan,nan,nan,nan,nan,nan,nan,nan,nan,nan,nan,nan,nan,nan
105,0.800000011920929,0.19999998807907104,nan,nan,nan,nan,nan,nan,False,True,nan,nan,nan,nan,nan,nan,nan,nan,nan,nan,nan,nan,nan,nan,nan,nan,nan,nan
106,0.800000011920929,0.3999999761581421,nan,nan,nan,nan,nan,nan,False,True,nan,nan,nan,nan,nan,nan,nan,nan,nan,nan,nan,nan,nan,nan,nan,nan,nan,nan
107,0.800000011920929,0.6000000238418579,nan,nan,nan,nan,nan,nan,False,True,nan,nan,nan,nan,nan,nan,nan,nan,nan,nan,nan,nan,nan,nan,nan,nan,nan,nan
108,0.800000011920929,0.800000011920929,nan,nan,nan,nan,nan,nan,False,True,nan,nan,nan,nan,nan,nan,nan,nan,nan,nan,nan,nan,nan,nan,nan,nan,nan,nan
109,0.800000011920929,1.0,nan,nan,nan,nan,nan,nan,False,True,nan,nan,nan,nan,nan,nan,nan,nan,nan,nan,nan,nan,nan,nan,nan,nan,nan,nan
110,1.0,-1.0,nan,nan,nan,nan,nan,nan,False,True,nan,nan,nan,nan,nan,nan,nan,nan,nan,nan,nan,nan,nan,nan,nan,nan,nan,nan
111,1.0,-0.800000011920929,nan,nan,nan,nan,nan,nan,False,True,nan,nan,nan,nan,nan,nan,nan,nan,nan,nan,nan,nan,nan,nan,nan,nan,nan,nan
112,1.0,-0.6000000238418579,nan,nan,nan,nan,nan,nan,False,True,nan,nan,nan,nan,nan,nan,nan,nan,nan,nan,nan,nan,nan,nan,nan,nan,nan,nan
113,1.0,-0.3999999761581421,nan,nan,nan,nan,nan,nan,False,True,nan,nan,nan,nan,nan,nan,nan,nan,nan,nan,nan,nan,nan,nan,nan,nan,nan,nan
114,1.0,-0.19999998807907104,nan,nan,nan,nan,nan,nan,False,True,nan,nan,nan,nan,nan,nan,nan,nan,nan,nan,nan,nan,nan,nan,nan,nan,nan,nan
115,1.0,-1.4901161193847656e-08,nan,nan,nan,nan,nan,nan,False,True,nan,nan,nan,nan,nan,nan,nan,nan,nan,nan,nan,nan,nan,nan,nan,nan,nan,nan
116,1.0,0.19999998807907104,nan,nan,nan,nan,nan,nan,False,True,nan,nan,nan,nan,nan,nan,nan,nan,nan,nan,nan,nan,nan,nan,nan,nan,nan,nan
117,1.0,0.3999999761581421,nan,nan,nan,nan,nan,nan,False,True,nan,nan,nan,nan,nan,nan,nan,nan,nan,nan,nan,nan,nan,nan,nan,nan,nan,nan
118,1.0,0.6000000238418579,nan,nan,nan,nan,nan,nan,False,True,nan,nan,nan,nan,nan,nan,nan,nan,nan,nan,nan,nan,nan,nan,nan,nan,nan,nan
119,1.0,0.800000011920929,nan,nan,nan,nan,nan,nan,False,True,nan,nan,nan,nan,nan,nan,nan,nan,nan,nan,nan,nan,nan,nan,nan,nan,nan,nan
120,1.0,1.0,nan,nan,nan,nan,nan,nan,False,True,nan,nan,nan,nan,nan,nan,nan,nan,nan,nan,nan,nan,nan,nan,nan,nan,nan,nan
